"region","innvandringskategori","landbakgrunn","Personer 2010","Personer 2011","Personer 2012","Personer 2013","Personer 2014","Personer 2015","Personer 2016","Personer 2017","Andel av befolkningen (prosent) 2010","Andel av befolkningen (prosent) 2011","Andel av befolkningen (prosent) 2012","Andel av befolkningen (prosent) 2013","Andel av befolkningen (prosent) 2014","Andel av befolkningen (prosent) 2015","Andel av befolkningen (prosent) 2016","Andel av befolkningen (prosent) 2017"
"0 Hele landet","Innvandrere og norskfødte med innvandrerforeldre","Danmark",19298,19522,19823,20304,20897,21736,21762,21447,0.40,0.40,0.40,0.40,0.41,0.42,0.42,0.41
"0 Hele landet","Innvandrere og norskfødte med innvandrerforeldre","Grønland",164,172,170,180,190,204,221,215,0.00,0.00,0.00,0.00,0.00,0.00,0.00,0.00
"0 Hele landet","Innvandrere og norskfødte med innvandrerforeldre","Finland",6665,6626,6660,6711,6797,6894,7012,6993,0.14,0.13,0.13,0.13,0.13,0.13,0.13,0.13
"0 Hele landet","Innvandrere og norskfødte med innvandrerforeldre","Færøyene",754,751,787,804,848,844,826,794,0.02,0.02,0.02,0.02,0.02,0.02,0.02,0.02
"0 Hele landet","Innvandrere og norskfødte med innvandrerforeldre","Island",4966,6022,7125,7756,8169,8660,9005,8704,0.10,0.12,0.14,0.15,0.16,0.17,0.17,0.17
"0 Hele landet","Innvandrere og norskfødte med innvandrerforeldre","Sverige",31193,34108,36578,37467,38414,39116,39955,39266,0.64,0.69,0.73,0.74,0.75,0.76,0.77,0.75
"0 Hele landet","Innvandrere og norskfødte med innvandrerforeldre","Albania",491,539,598,694,878,1118,1433,1736,0.01,0.01,0.01,0.01,0.02,0.02,0.03,0.03
"0 Hele landet","Innvandrere og norskfødte med innvandrerforeldre","Andorra",7,6,6,9,9,11,12,14,0.00,0.00,0.00,0.00,0.00,0.00,0.00,0.00
"0 Hele landet","Innvandrere og norskfødte med innvandrerforeldre","Belgia",879,939,994,1089,1153,1212,1284,1302,0.02,0.02,0.02,0.02,0.02,0.02,0.02,0.02
"0 Hele landet","Innvandrere og norskfødte med innvandrerforeldre","Bosnia-Hercegovina",15918,16125,16338,16613,16845,17161,17402,17684,0.33,0.33,0.33,0.33,0.33,0.33,0.33,0.34
"0 Hele landet","Innvandrere og norskfødte med innvandrerforeldre","Bulgaria",2152,2693,3337,4162,5227,6078,6920,7321,0.04,0.05,0.07,0.08,0.10,0.12,0.13,0.14
"0 Hele landet","Innvandrere og norskfødte med innvandrerforeldre","Estland",2092,2871,3817,4632,5092,5418,5468,5379,0.04,0.06,0.08,0.09,0.10,0.10,0.10,0.10
"0 Hele landet","Innvandrere og norskfødte med innvandrerforeldre","Frankrike",3930,4289,4716,5022,5276,5656,5805,5829,0.08,0.09,0.09,0.10,0.10,0.11,0.11,0.11
"0 Hele landet","Innvandrere og norskfødte med innvandrerforeldre","Gibraltar",0,0,0,3,3,3,3,3,0.00,0.00,0.00,0.00,0.00,0.00,0.00,0.00
"0 Hele landet","Innvandrere og norskfødte med innvandrerforeldre","Guernsey",0,0,0,0,0,3,4,4,0.00,0.00,0.00,0.00,0.00,0.00,0.00,0.00
"0 Hele landet","Innvandrere og norskfødte med innvandrerforeldre","Hellas",743,834,1035,1364,1776,2138,2439,2703,0.02,0.02,0.02,0.03,0.03,0.04,0.05,0.05
"0 Hele landet","Innvandrere og norskfødte med innvandrerforeldre","Hviterussland",710,752,839,958,1045,1111,1165,1216,0.01,0.02,0.02,0.02,0.02,0.02,0.02,0.02
"0 Hele landet","Innvandrere og norskfødte med innvandrerforeldre","Irland",640,727,824,916,991,1033,1076,1079,0.01,0.01,0.02,0.02,0.02,0.02,0.02,0.02
"0 Hele landet","Innvandrere og norskfødte med innvandrerforeldre","Italia",1992,2230,2513,2890,3271,3699,4096,4304,0.04,0.05,0.05,0.06,0.06,0.07,0.08,0.08
"0 Hele landet","Innvandrere og norskfødte med innvandrerforeldre","Jersey",0,0,0,0,0,0,0,0,0.00,0.00,0.00,0.00,0.00,0.00,0.00,0.00
"0 Hele landet","Innvandrere og norskfødte med innvandrerforeldre","Kosovo",12719,13303,13700,14064,14408,14715,14959,15328,0.26,0.27,0.27,0.28,0.28,0.28,0.29,0.29
"0 Hele landet","Innvandrere og norskfødte med innvandrerforeldre","Kroatia",3244,3327,3451,3612,3699,4066,4501,4917,0.07,0.07,0.07,0.07,0.07,0.08,0.09,0.09
"0 Hele landet","Innvandrere og norskfødte med innvandrerforeldre","Latvia",2856,4979,6973,8502,9460,10332,10870,11072,0.06,0.10,0.14,0.17,0.19,0.20,0.21,0.21
"0 Hele landet","Innvandrere og norskfødte med innvandrerforeldre","Liechtenstein",22,26,26,25,25,24,24,24,0.00,0.00,0.00,0.00,0.00,0.00,0.00,0.00
"0 Hele landet","Innvandrere og norskfødte med innvandrerforeldre","Litauen",10341,16309,23941,30540,35546,39305,41626,42491,0.21,0.33,0.48,0.60,0.70,0.76,0.80,0.81
"0 Hele landet","Innvandrere og norskfødte med innvandrerforeldre","Luxembourg",37,37,36,37,40,40,43,44,0.00,0.00,0.00,0.00,0.00,0.00,0.00,0.00
"0 Hele landet","Innvandrere og norskfødte med innvandrerforeldre","Makedonia",3117,3244,3364,3482,3595,3729,3875,4037,0.06,0.07,0.07,0.07,0.07,0.07,0.07,0.08
"0 Hele landet","Innvandrere og norskfødte med innvandrerforeldre","Malta",47,59,58,71,77,81,81,84,0.00,0.00,0.00,0.00,0.00,0.00,0.00,0.00
"0 Hele landet","Innvandrere og norskfødte med innvandrerforeldre","Man",0,0,0,0,0,0,0,0,0.00,0.00,0.00,0.00,0.00,0.00,0.00,0.00
"0 Hele landet","Innvandrere og norskfødte med innvandrerforeldre","Moldova",323,376,443,558,696,842,1017,1114,0.01,0.01,0.01,0.01,0.01,0.02,0.02,0.02
"0 Hele landet","Innvandrere og norskfødte med innvandrerforeldre","Monaco",8,11,12,12,11,10,12,10,0.00,0.00,0.00,0.00,0.00,0.00,0.00,0.00
"0 Hele landet","Innvandrere og norskfødte med innvandrerforeldre","Montenegro",350,375,405,428,460,510,574,602,0.01,0.01,0.01,0.01,0.01,0.01,0.01,0.01
"0 Hele landet","Innvandrere og norskfødte med innvandrerforeldre","Nederland",6926,7251,7557,7858,8062,8418,8596,8595,0.14,0.15,0.15,0.16,0.16,0.16,0.16,0.16
"0 Hele landet","Innvandrere og norskfødte med innvandrerforeldre","Polen",52125,60610,72103,82601,91179,99424,105725,108255,1.07,1.23,1.45,1.64,1.78,1.92,2.03,2.06
"0 Hele landet","Innvandrere og norskfødte med innvandrerforeldre","Portugal",1079,1226,1557,1967,2560,2984,3287,3473,0.02,0.02,0.03,0.04,0.05,0.06,0.06,0.07
"0 Hele landet","Innvandrere og norskfødte med innvandrerforeldre","Romania",4533,5670,6869,8666,11068,13156,14928,15664,0.09,0.12,0.14,0.17,0.22,0.25,0.29,0.30
"0 Hele landet","Innvandrere og norskfødte med innvandrerforeldre","Russland",14873,15880,16833,17944,18770,19414,20012,20444,0.31,0.32,0.34,0.36,0.37,0.38,0.38,0.39
"0 Hele landet","Innvandrere og norskfødte med innvandrerforeldre","San Marino",6,7,7,7,7,7,8,8,0.00,0.00,0.00,0.00,0.00,0.00,0.00,0.00
"0 Hele landet","Innvandrere og norskfødte med innvandrerforeldre","Serbia",2748,2987,3278,3741,4253,4853,5633,6396,0.06,0.06,0.07,0.07,0.08,0.09,0.11,0.12
"0 Hele landet","Innvandrere og norskfødte med innvandrerforeldre","Serbia og Montenegro",279,0,0,0,0,0,0,0,0.01,0.00,0.00,0.00,0.00,0.00,0.00,0.00
"0 Hele landet","Innvandrere og norskfødte med innvandrerforeldre","Slovakia",2142,2498,2959,3460,3813,4169,4374,4334,0.04,0.05,0.06,0.07,0.07,0.08,0.08,0.08
"0 Hele landet","Innvandrere og norskfødte med innvandrerforeldre","Slovenia",203,238,264,313,353,407,433,463,0.00,0.00,0.01,0.01,0.01,0.01,0.01,0.01
"0 Hele landet","Innvandrere og norskfødte med innvandrerforeldre","Spania",2205,2577,3132,4061,4903,5625,6100,6419,0.05,0.05,0.06,0.08,0.10,0.11,0.12,0.12
"0 Hele landet","Innvandrere og norskfødte med innvandrerforeldre","Storbritannia",12843,13395,13959,14504,14774,15123,15447,15321,0.26,0.27,0.28,0.29,0.29,0.29,0.30,0.29
"0 Hele landet","Innvandrere og norskfødte med innvandrerforeldre","Sveits",1204,1242,1318,1404,1430,1468,1516,1550,0.02,0.03,0.03,0.03,0.03,0.03,0.03,0.03
"0 Hele landet","Innvandrere og norskfødte med innvandrerforeldre","Tsjekkia",1464,1614,1780,1963,2180,2355,2466,2503,0.03,0.03,0.04,0.04,0.04,0.05,0.05,0.05
"0 Hele landet","Innvandrere og norskfødte med innvandrerforeldre","Tyrkia",15998,16430,16742,17004,17345,17608,17870,18172,0.33,0.33,0.34,0.34,0.34,0.34,0.34,0.35
"0 Hele landet","Innvandrere og norskfødte med innvandrerforeldre","Tyskland",22859,24394,25683,26398,26683,27165,27770,27593,0.47,0.50,0.52,0.52,0.52,0.53,0.53,0.52
"0 Hele landet","Innvandrere og norskfødte med innvandrerforeldre","Ukraina",2604,2918,3343,3801,4210,4623,5088,5470,0.05,0.06,0.07,0.08,0.08,0.09,0.10,0.10
"0 Hele landet","Innvandrere og norskfødte med innvandrerforeldre","Ungarn",2288,2599,2948,3350,3789,4192,4451,4555,0.05,0.05,0.06,0.07,0.07,0.08,0.09,0.09
"0 Hele landet","Innvandrere og norskfødte med innvandrerforeldre","Vatikanstaten",0,0,0,0,0,0,0,3,0.00,0.00,0.00,0.00,0.00,0.00,0.00,0.00
"0 Hele landet","Innvandrere og norskfødte med innvandrerforeldre","Østerrike",997,1074,1123,1201,1259,1282,1365,1398,0.02,0.02,0.02,0.02,0.02,0.02,0.03,0.03
"0 Hele landet","Innvandrere og norskfødte med innvandrerforeldre","Algerie",1497,1525,1569,1627,1637,1687,1752,1763,0.03,0.03,0.03,0.03,0.03,0.03,0.03,0.03
"0 Hele landet","Innvandrere og norskfødte med innvandrerforeldre","Angola",408,434,464,493,504,536,568,564,0.01,0.01,0.01,0.01,0.01,0.01,0.01,0.01
"0 Hele landet","Innvandrere og norskfødte med innvandrerforeldre","Benin",18,19,26,29,32,29,31,31,0.00,0.00,0.00,0.00,0.00,0.00,0.00,0.00
"0 Hele landet","Innvandrere og norskfødte med innvandrerforeldre","Botswana",68,67,66,72,80,75,76,77,0.00,0.00,0.00,0.00,0.00,0.00,0.00,0.00
"0 Hele landet","Innvandrere og norskfødte med innvandrerforeldre","Det britiske territoriet i Indiahavet",0,3,0,0,0,0,3,3,0.00,0.00,0.00,0.00,0.00,0.00,0.00,0.00
"0 Hele landet","Innvandrere og norskfødte med innvandrerforeldre","Burkina Faso",24,25,29,31,32,34,35,34,0.00,0.00,0.00,0.00,0.00,0.00,0.00,0.00
"0 Hele landet","Innvandrere og norskfødte med innvandrerforeldre","Burundi",1119,1192,1249,1305,1350,1392,1401,1446,0.02,0.02,0.03,0.03,0.03,0.03,0.03,0.03
"0 Hele landet","Innvandrere og norskfødte med innvandrerforeldre","Djibouti",58,69,81,85,92,96,109,112,0.00,0.00,0.00,0.00,0.00,0.00,0.00,0.00
"0 Hele landet","Innvandrere og norskfødte med innvandrerforeldre","Egypt",806,883,933,1046,1118,1218,1258,1338,0.02,0.02,0.02,0.02,0.02,0.02,0.02,0.03
"0 Hele landet","Innvandrere og norskfødte med innvandrerforeldre","Ekvatorial-Guinea",3,3,3,4,9,13,11,12,0.00,0.00,0.00,0.00,0.00,0.00,0.00,0.00
"0 Hele landet","Innvandrere og norskfødte med innvandrerforeldre","Elfenbeinskysten",258,269,276,299,308,316,354,365,0.01,0.01,0.01,0.01,0.01,0.01,0.01,0.01
"0 Hele landet","Innvandrere og norskfødte med innvandrerforeldre","Eritrea",5789,7728,9566,11758,14397,17134,20701,23618,0.12,0.16,0.19,0.23,0.28,0.33,0.40,0.45
"0 Hele landet","Innvandrere og norskfødte med innvandrerforeldre","Etiopia",5156,5805,6405,7096,7807,8555,9617,10387,0.11,0.12,0.13,0.14,0.15,0.17,0.18,0.20
"0 Hele landet","Innvandrere og norskfødte med innvandrerforeldre","Gabon",7,6,6,10,12,8,9,13,0.00,0.00,0.00,0.00,0.00,0.00,0.00,0.00
"0 Hele landet","Innvandrere og norskfødte med innvandrerforeldre","Gambia",1409,1472,1525,1565,1606,1654,1728,1762,0.03,0.03,0.03,0.03,0.03,0.03,0.03,0.03
"0 Hele landet","Innvandrere og norskfødte med innvandrerforeldre","Ghana",2034,2116,2165,2281,2424,2543,2665,2702,0.04,0.04,0.04,0.05,0.05,0.05,0.05,0.05
"0 Hele landet","Innvandrere og norskfødte med innvandrerforeldre","Guinea",154,175,203,233,278,296,357,375,0.00,0.00,0.00,0.00,0.01,0.01,0.01,0.01
"0 Hele landet","Innvandrere og norskfødte med innvandrerforeldre","Guinea-Bissau",25,27,35,39,54,62,69,72,0.00,0.00,0.00,0.00,0.00,0.00,0.00,0.00
"0 Hele landet","Innvandrere og norskfødte med innvandrerforeldre","Kamerun",472,534,574,602,632,671,716,747,0.01,0.01,0.01,0.01,0.01,0.01,0.01,0.01
"0 Hele landet","Innvandrere og norskfødte med innvandrerforeldre","Kapp Verde",496,505,514,519,518,521,519,524,0.01,0.01,0.01,0.01,0.01,0.01,0.01,0.01
"0 Hele landet","Innvandrere og norskfødte med innvandrerforeldre","Kenya",1275,1344,1420,1501,1636,1767,1983,2095,0.03,0.03,0.03,0.03,0.03,0.03,0.04,0.04
"0 Hele landet","Innvandrere og norskfødte med innvandrerforeldre","Komorene",5,5,5,5,5,5,7,7,0.00,0.00,0.00,0.00,0.00,0.00,0.00,0.00
"0 Hele landet","Innvandrere og norskfødte med innvandrerforeldre","Kongo",2050,2183,2284,2369,2590,2753,2846,2950,0.04,0.04,0.05,0.05,0.05,0.05,0.05,0.06
"0 Hele landet","Innvandrere og norskfødte med innvandrerforeldre","Kongo-Brazzaville",151,164,189,218,251,277,294,303,0.00,0.00,0.00,0.00,0.00,0.01,0.01,0.01
"0 Hele landet","Innvandrere og norskfødte med innvandrerforeldre","Lesotho",7,7,7,5,6,9,10,8,0.00,0.00,0.00,0.00,0.00,0.00,0.00,0.00
"0 Hele landet","Innvandrere og norskfødte med innvandrerforeldre","Liberia",1075,1116,1163,1189,1220,1233,1183,1200,0.02,0.02,0.02,0.02,0.02,0.02,0.02,0.02
"0 Hele landet","Innvandrere og norskfødte med innvandrerforeldre","Libya",302,329,434,539,569,602,737,792,0.01,0.01,0.01,0.01,0.01,0.01,0.01,0.02
"0 Hele landet","Innvandrere og norskfødte med innvandrerforeldre","Madagaskar",198,212,210,219,226,229,230,241,0.00,0.00,0.00,0.00,0.00,0.00,0.00,0.00
"0 Hele landet","Innvandrere og norskfødte med innvandrerforeldre","Malawi",65,62,68,66,79,86,107,109,0.00,0.00,0.00,0.00,0.00,0.00,0.00,0.00
"0 Hele landet","Innvandrere og norskfødte med innvandrerforeldre","Mali",38,40,40,45,48,53,59,61,0.00,0.00,0.00,0.00,0.00,0.00,0.00,0.00
"0 Hele landet","Innvandrere og norskfødte med innvandrerforeldre","Marokko",8058,8305,8591,8844,9111,9396,9647,9955,0.17,0.17,0.17,0.18,0.18,0.18,0.19,0.19
"0 Hele landet","Innvandrere og norskfødte med innvandrerforeldre","Mauritania",17,20,28,33,48,56,57,58,0.00,0.00,0.00,0.00,0.00,0.00,0.00,0.00
"0 Hele landet","Innvandrere og norskfødte med innvandrerforeldre","Mauritius",211,214,215,219,221,223,225,231,0.00,0.00,0.00,0.00,0.00,0.00,0.00,0.00
"0 Hele landet","Innvandrere og norskfødte med innvandrerforeldre","Mayotte",3,0,0,0,0,0,0,0,0.00,0.00,0.00,0.00,0.00,0.00,0.00,0.00
"0 Hele landet","Innvandrere og norskfødte med innvandrerforeldre","Mosambik",126,128,142,155,167,179,174,183,0.00,0.00,0.00,0.00,0.00,0.00,0.00,0.00
"0 Hele landet","Innvandrere og norskfødte med innvandrerforeldre","Namibia",68,72,71,75,75,74,73,72,0.00,0.00,0.00,0.00,0.00,0.00,0.00,0.00
"0 Hele landet","Innvandrere og norskfødte med innvandrerforeldre","Niger",39,43,49,54,57,57,70,72,0.00,0.00,0.00,0.00,0.00,0.00,0.00,0.00
"0 Hele landet","Innvandrere og norskfødte med innvandrerforeldre","Nigeria",1247,1389,1577,1780,1964,2164,2274,2348,0.03,0.03,0.03,0.04,0.04,0.04,0.04,0.04
"0 Hele landet","Innvandrere og norskfødte med innvandrerforeldre","Réunion",4,3,3,3,4,4,4,3,0.00,0.00,0.00,0.00,0.00,0.00,0.00,0.00
"0 Hele landet","Innvandrere og norskfødte med innvandrerforeldre","Rwanda",653,688,710,742,760,791,819,820,0.01,0.01,0.01,0.01,0.01,0.02,0.02,0.02
"0 Hele landet","Innvandrere og norskfødte med innvandrerforeldre","São Tomé og Príncipe",3,3,3,3,3,3,4,4,0.00,0.00,0.00,0.00,0.00,0.00,0.00,0.00
"0 Hele landet","Innvandrere og norskfødte med innvandrerforeldre","Senegal",205,220,250,273,281,305,334,357,0.00,0.00,0.01,0.01,0.01,0.01,0.01,0.01
"0 Hele landet","Innvandrere og norskfødte med innvandrerforeldre","Den sentralafrikanske republikk",9,9,9,15,16,23,22,23,0.00,0.00,0.00,0.00,0.00,0.00,0.00,0.00
"0 Hele landet","Innvandrere og norskfødte med innvandrerforeldre","Seychellene",11,12,11,10,10,11,11,11,0.00,0.00,0.00,0.00,0.00,0.00,0.00,0.00
"0 Hele landet","Innvandrere og norskfødte med innvandrerforeldre","Sierra Leone",553,574,593,614,631,664,669,679,0.01,0.01,0.01,0.01,0.01,0.01,0.01,0.01
"0 Hele landet","Innvandrere og norskfødte med innvandrerforeldre","Somalia",25496,27523,29395,33117,35912,37631,40100,41463,0.52,0.56,0.59,0.66,0.70,0.73,0.77,0.79
"0 Hele landet","Innvandrere og norskfødte med innvandrerforeldre","St. Helena",3,3,3,3,3,3,3,3,0.00,0.00,0.00,0.00,0.00,0.00,0.00,0.00
"0 Hele landet","Innvandrere og norskfødte med innvandrerforeldre","Sudan",1318,1611,1809,2482,3092,3679,4319,4999,0.03,0.03,0.04,0.05,0.06,0.07,0.08,0.10
"0 Hele landet","Innvandrere og norskfødte med innvandrerforeldre","Swaziland",4,4,5,6,4,5,5,7,0.00,0.00,0.00,0.00,0.00,0.00,0.00,0.00
"0 Hele landet","Innvandrere og norskfødte med innvandrerforeldre","Sør-Afrika",773,809,840,914,951,986,1029,1061,0.02,0.02,0.02,0.02,0.02,0.02,0.02,0.02
"0 Hele landet","Innvandrere og norskfødte med innvandrerforeldre","Sør-Sudan",0,0,182,189,192,190,255,247,0.00,0.00,0.00,0.00,0.00,0.00,0.00,0.00
"0 Hele landet","Innvandrere og norskfødte med innvandrerforeldre","Tanzania",739,784,796,823,821,851,913,904,0.02,0.02,0.02,0.02,0.02,0.02,0.02,0.02
"0 Hele landet","Innvandrere og norskfødte med innvandrerforeldre","Togo",129,135,143,151,155,160,158,162,0.00,0.00,0.00,0.00,0.00,0.00,0.00,0.00
"0 Hele landet","Innvandrere og norskfødte med innvandrerforeldre","Tsjad",21,24,26,25,23,24,37,37,0.00,0.00,0.00,0.00,0.00,0.00,0.00,0.00
"0 Hele landet","Innvandrere og norskfødte med innvandrerforeldre","Tunisia",1106,1097,1174,1265,1279,1336,1399,1431,0.02,0.02,0.02,0.03,0.03,0.03,0.03,0.03
"0 Hele landet","Innvandrere og norskfødte med innvandrerforeldre","Uganda",903,941,977,1068,1167,1263,1470,1486,0.02,0.02,0.02,0.02,0.02,0.02,0.03,0.03
"0 Hele landet","Innvandrere og norskfødte med innvandrerforeldre","Vest-Sahara",12,21,28,35,41,41,36,35,0.00,0.00,0.00,0.00,0.00,0.00,0.00,0.00
"0 Hele landet","Innvandrere og norskfødte med innvandrerforeldre","Zambia",301,324,351,370,390,393,498,477,0.01,0.01,0.01,0.01,0.01,0.01,0.01,0.01
"0 Hele landet","Innvandrere og norskfødte med innvandrerforeldre","Zimbabwe",193,210,226,246,254,269,266,274,0.00,0.00,0.00,0.00,0.00,0.01,0.01,0.01
"0 Hele landet","Innvandrere og norskfødte med innvandrerforeldre","Afghanistan",10475,12043,13219,14449,15459,16320,17519,19560,0.22,0.24,0.27,0.29,0.30,0.32,0.34,0.37
"0 Hele landet","Innvandrere og norskfødte med innvandrerforeldre","Armenia",226,251,275,311,336,361,354,372,0.00,0.01,0.01,0.01,0.01,0.01,0.01,0.01
"0 Hele landet","Innvandrere og norskfødte med innvandrerforeldre","Aserbajdsjan",435,476,538,590,599,610,623,645,0.01,0.01,0.01,0.01,0.01,0.01,0.01,0.01
"0 Hele landet","Innvandrere og norskfødte med innvandrerforeldre","Bahrain",13,15,13,13,14,18,21,22,0.00,0.00,0.00,0.00,0.00,0.00,0.00,0.00
"0 Hele landet","Innvandrere og norskfødte med innvandrerforeldre","Bangladesh",799,850,933,1026,1086,1152,1217,1271,0.02,0.02,0.02,0.02,0.02,0.02,0.02,0.02
"0 Hele landet","Innvandrere og norskfødte med innvandrerforeldre","Bhutan",229,253,264,369,372,381,393,405,0.00,0.01,0.01,0.01,0.01,0.01,0.01,0.01
"0 Hele landet","Innvandrere og norskfødte med innvandrerforeldre","Brunei",14,15,16,14,13,17,14,15,0.00,0.00,0.00,0.00,0.00,0.00,0.00,0.00
"0 Hele landet","Innvandrere og norskfødte med innvandrerforeldre","Filippinene",13447,14797,16431,18007,19886,21098,21945,22892,0.28,0.30,0.33,0.36,0.39,0.41,0.42,0.44
"0 Hele landet","Innvandrere og norskfødte med innvandrerforeldre","De forente arabiske emirater",166,202,224,253,293,340,430,498,0.00,0.00,0.00,0.01,0.01,0.01,0.01,0.01
"0 Hele landet","Innvandrere og norskfødte med innvandrerforeldre","Georgia",228,248,269,313,339,356,354,367,0.00,0.01,0.01,0.01,0.01,0.01,0.01,0.01
"0 Hele landet","Innvandrere og norskfødte med innvandrerforeldre","Hongkong",831,834,843,858,853,878,1051,1053,0.02,0.02,0.02,0.02,0.02,0.02,0.02,0.02
"0 Hele landet","Innvandrere og norskfødte med innvandrerforeldre","India",9747,10096,10830,11960,12924,14087,14695,14933,0.20,0.21,0.22,0.24,0.25,0.27,0.28,0.28
"0 Hele landet","Innvandrere og norskfødte med innvandrerforeldre","Indonesia",1148,1237,1343,1439,1468,1509,1525,1535,0.02,0.03,0.03,0.03,0.03,0.03,0.03,0.03
"0 Hele landet","Innvandrere og norskfødte med innvandrerforeldre","Irak",26374,27827,28935,29614,30144,30660,31490,32304,0.54,0.57,0.58,0.59,0.59,0.59,0.60,0.61
"0 Hele landet","Innvandrere og norskfødte med innvandrerforeldre","Iran",16321,16957,17913,18861,19793,20320,20461,21364,0.34,0.34,0.36,0.37,0.39,0.39,0.39,0.41
"0 Hele landet","Innvandrere og norskfødte med innvandrerforeldre","Israel",612,630,642,687,697,717,726,761,0.01,0.01,0.01,0.01,0.01,0.01,0.01,0.01
"0 Hele landet","Innvandrere og norskfødte med innvandrerforeldre","Japan",787,831,864,909,916,972,1007,1034,0.02,0.02,0.02,0.02,0.02,0.02,0.02,0.02
"0 Hele landet","Innvandrere og norskfødte med innvandrerforeldre","Jemen",197,259,323,374,403,426,515,609,0.00,0.01,0.01,0.01,0.01,0.01,0.01,0.01
"0 Hele landet","Innvandrere og norskfødte med innvandrerforeldre","Jordan",388,436,478,492,521,583,665,717,0.01,0.01,0.01,0.01,0.01,0.01,0.01,0.01
"0 Hele landet","Innvandrere og norskfødte med innvandrerforeldre","Kambodsja",485,500,519,535,564,593,564,582,0.01,0.01,0.01,0.01,0.01,0.01,0.01,0.01
"0 Hele landet","Innvandrere og norskfødte med innvandrerforeldre","Kasakhstan",715,767,813,889,956,1021,1047,1064,0.01,0.02,0.02,0.02,0.02,0.02,0.02,0.02
"0 Hele landet","Innvandrere og norskfødte med innvandrerforeldre","Kina",7326,7895,8458,9025,9491,9984,10197,10466,0.15,0.16,0.17,0.18,0.19,0.19,0.20,0.20
"0 Hele landet","Innvandrere og norskfødte med innvandrerforeldre","Kirgisistan",149,164,173,184,211,211,235,254,0.00,0.00,0.00,0.00,0.00,0.00,0.00,0.00
"0 Hele landet","Innvandrere og norskfødte med innvandrerforeldre","Kuwait",345,359,402,431,459,485,520,554,0.01,0.01,0.01,0.01,0.01,0.01,0.01,0.01
"0 Hele landet","Innvandrere og norskfødte med innvandrerforeldre","Kypros",103,112,119,124,144,168,176,182,0.00,0.00,0.00,0.00,0.00,0.00,0.00,0.00
"0 Hele landet","Innvandrere og norskfødte med innvandrerforeldre","Laos",92,95,103,107,110,113,119,127,0.00,0.00,0.00,0.00,0.00,0.00,0.00,0.00
"0 Hele landet","Innvandrere og norskfødte med innvandrerforeldre","Libanon",2397,2476,2566,2599,2624,2714,2864,3189,0.05,0.05,0.05,0.05,0.05,0.05,0.05,0.06
"0 Hele landet","Innvandrere og norskfødte med innvandrerforeldre","Macao",87,96,97,102,92,90,89,89,0.00,0.00,0.00,0.00,0.00,0.00,0.00,0.00
"0 Hele landet","Innvandrere og norskfødte med innvandrerforeldre","Malaysia",485,514,573,668,713,727,833,847,0.01,0.01,0.01,0.01,0.01,0.01,0.02,0.02
"0 Hele landet","Innvandrere og norskfødte med innvandrerforeldre","Maldivene",4,6,9,10,9,6,6,5,0.00,0.00,0.00,0.00,0.00,0.00,0.00,0.00
"0 Hele landet","Innvandrere og norskfødte med innvandrerforeldre","Mongolia",96,101,114,128,140,152,160,167,0.00,0.00,0.00,0.00,0.00,0.00,0.00,0.00
"0 Hele landet","Innvandrere og norskfødte med innvandrerforeldre","Myanmar",3015,3350,3527,3856,3974,4043,3843,3938,0.06,0.07,0.07,0.08,0.08,0.08,0.07,0.07
"0 Hele landet","Innvandrere og norskfødte med innvandrerforeldre","Nepal",681,893,1013,1256,1418,1574,1689,1875,0.01,0.02,0.02,0.02,0.03,0.03,0.03,0.04
"0 Hele landet","Innvandrere og norskfødte med innvandrerforeldre","Nord-Korea",39,39,41,40,40,39,38,38,0.00,0.00,0.00,0.00,0.00,0.00,0.00,0.00
"0 Hele landet","Innvandrere og norskfødte med innvandrerforeldre","Oman",6,12,17,15,20,29,22,22,0.00,0.00,0.00,0.00,0.00,0.00,0.00,0.00
"0 Hele landet","Innvandrere og norskfødte med innvandrerforeldre","Pakistan",31061,31884,32737,33634,34447,35192,36026,36700,0.64,0.65,0.66,0.67,0.67,0.68,0.69,0.70
"0 Hele landet","Innvandrere og norskfødte med innvandrerforeldre","Palestina",2939,3340,3593,3716,3825,3947,4050,4141,0.06,0.07,0.07,0.07,0.07,0.08,0.08,0.08
"0 Hele landet","Innvandrere og norskfødte med innvandrerforeldre","Qatar",17,20,29,33,37,43,57,73,0.00,0.00,0.00,0.00,0.00,0.00,0.00,0.00
"0 Hele landet","Innvandrere og norskfødte med innvandrerforeldre","Saudi-Arabia",220,264,309,358,446,509,804,946,0.00,0.01,0.01,0.01,0.01,0.01,0.02,0.02
"0 Hele landet","Innvandrere og norskfødte med innvandrerforeldre","Singapore",352,366,391,409,442,436,431,437,0.01,0.01,0.01,0.01,0.01,0.01,0.01,0.01
"0 Hele landet","Innvandrere og norskfødte med innvandrerforeldre","Sri Lanka",13772,14017,14293,14591,14797,15032,15203,15308,0.28,0.28,0.29,0.29,0.29,0.29,0.29,0.29
"0 Hele landet","Innvandrere og norskfødte med innvandrerforeldre","Syria",2010,2163,2311,2820,3977,6436,10902,22285,0.04,0.04,0.05,0.06,0.08,0.12,0.21,0.42
"0 Hele landet","Innvandrere og norskfødte med innvandrerforeldre","Sør-Korea",795,828,898,957,1040,1121,1154,1174,0.02,0.02,0.02,0.02,0.02,0.02,0.02,0.02
"0 Hele landet","Innvandrere og norskfødte med innvandrerforeldre","Tadsjikistan",102,106,109,116,125,121,129,135,0.00,0.00,0.00,0.00,0.00,0.00,0.00,0.00
"0 Hele landet","Innvandrere og norskfødte med innvandrerforeldre","Taiwan",218,227,244,251,259,269,290,308,0.00,0.00,0.00,0.00,0.01,0.01,0.01,0.01
"0 Hele landet","Innvandrere og norskfødte med innvandrerforeldre","Thailand",12268,13293,14398,15583,16559,17314,18324,19524,0.25,0.27,0.29,0.31,0.32,0.34,0.35,0.37
"0 Hele landet","Innvandrere og norskfødte med innvandrerforeldre","Turkmenistan",68,70,80,85,88,90,102,100,0.00,0.00,0.00,0.00,0.00,0.00,0.00,0.00
"0 Hele landet","Innvandrere og norskfødte med innvandrerforeldre","Usbekistan",326,355,414,446,492,535,600,680,0.01,0.01,0.01,0.01,0.01,0.01,0.01,0.01
"0 Hele landet","Innvandrere og norskfødte med innvandrerforeldre","Vietnam",20100,20452,20871,21351,21721,22061,22363,22658,0.41,0.42,0.42,0.42,0.43,0.43,0.43,0.43
"0 Hele landet","Innvandrere og norskfødte med innvandrerforeldre","Øst-Timor",14,16,12,10,18,15,9,10,0.00,0.00,0.00,0.00,0.00,0.00,0.00,0.00
"0 Hele landet","Innvandrere og norskfødte med innvandrerforeldre","De amerikanske Jomfruøyene",0,0,0,0,0,0,0,0,0.00,0.00,0.00,0.00,0.00,0.00,0.00,0.00
"0 Hele landet","Innvandrere og norskfødte med innvandrerforeldre","Anguilla",0,0,0,0,0,0,0,0,0.00,0.00,0.00,0.00,0.00,0.00,0.00,0.00
"0 Hele landet","Innvandrere og norskfødte med innvandrerforeldre","Antigua og Barbuda",3,3,3,3,3,4,4,4,0.00,0.00,0.00,0.00,0.00,0.00,0.00,0.00
"0 Hele landet","Innvandrere og norskfødte med innvandrerforeldre","Aruba",12,12,11,11,10,10,12,12,0.00,0.00,0.00,0.00,0.00,0.00,0.00,0.00
"0 Hele landet","Innvandrere og norskfødte med innvandrerforeldre","Bahamas",5,6,8,8,10,10,15,14,0.00,0.00,0.00,0.00,0.00,0.00,0.00,0.00
"0 Hele landet","Innvandrere og norskfødte med innvandrerforeldre","Barbados",19,17,18,18,18,20,20,21,0.00,0.00,0.00,0.00,0.00,0.00,0.00,0.00
"0 Hele landet","Innvandrere og norskfødte med innvandrerforeldre","Belize",8,10,11,11,11,12,12,13,0.00,0.00,0.00,0.00,0.00,0.00,0.00,0.00
"0 Hele landet","Innvandrere og norskfødte med innvandrerforeldre","Bermuda",4,4,3,3,4,4,3,4,0.00,0.00,0.00,0.00,0.00,0.00,0.00,0.00
"0 Hele landet","Innvandrere og norskfødte med innvandrerforeldre","Bonaire, Sint Eustatius og Saba",0,0,0,0,0,0,0,0,0.00,0.00,0.00,0.00,0.00,0.00,0.00,0.00
"0 Hele landet","Innvandrere og norskfødte med innvandrerforeldre","De britiske Jomfruøyene",0,0,0,3,3,3,0,0,0.00,0.00,0.00,0.00,0.00,0.00,0.00,0.00
"0 Hele landet","Innvandrere og norskfødte med innvandrerforeldre","Canada",1602,1680,1666,1775,1786,1828,1952,1988,0.03,0.03,0.03,0.04,0.03,0.04,0.04,0.04
"0 Hele landet","Innvandrere og norskfødte med innvandrerforeldre","Caymanøyene",3,4,4,4,5,7,6,7,0.00,0.00,0.00,0.00,0.00,0.00,0.00,0.00
"0 Hele landet","Innvandrere og norskfødte med innvandrerforeldre","Costa Rica",112,104,113,115,133,145,146,150,0.00,0.00,0.00,0.00,0.00,0.00,0.00,0.00
"0 Hele landet","Innvandrere og norskfødte med innvandrerforeldre","Cuba",736,781,847,893,959,1015,1059,1099,0.02,0.02,0.02,0.02,0.02,0.02,0.02,0.02
"0 Hele landet","Innvandrere og norskfødte med innvandrerforeldre","Curaçao",0,0,33,31,29,31,33,35,0.00,0.00,0.00,0.00,0.00,0.00,0.00,0.00
"0 Hele landet","Innvandrere og norskfødte med innvandrerforeldre","Dominica",24,24,24,24,27,27,33,36,0.00,0.00,0.00,0.00,0.00,0.00,0.00,0.00
"0 Hele landet","Innvandrere og norskfødte med innvandrerforeldre","Den dominikanske republikk",609,648,716,777,844,883,948,1010,0.01,0.01,0.01,0.02,0.02,0.02,0.02,0.02
"0 Hele landet","Innvandrere og norskfødte med innvandrerforeldre","El Salvador",190,202,209,229,235,251,256,259,0.00,0.00,0.00,0.00,0.00,0.00,0.00,0.00
"0 Hele landet","Innvandrere og norskfødte med innvandrerforeldre","Franske Antiller",0,0,0,0,0,0,0,0,0.00,0.00,0.00,0.00,0.00,0.00,0.00,0.00
"0 Hele landet","Innvandrere og norskfødte med innvandrerforeldre","Grenada",18,19,19,19,17,17,18,18,0.00,0.00,0.00,0.00,0.00,0.00,0.00,0.00
"0 Hele landet","Innvandrere og norskfødte med innvandrerforeldre","Guadeloupe",4,3,3,3,3,3,3,3,0.00,0.00,0.00,0.00,0.00,0.00,0.00,0.00
"0 Hele landet","Innvandrere og norskfødte med innvandrerforeldre","Guatemala",146,162,167,181,191,198,207,212,0.00,0.00,0.00,0.00,0.00,0.00,0.00,0.00
"0 Hele landet","Innvandrere og norskfødte med innvandrerforeldre","Haiti",24,28,29,31,34,34,39,41,0.00,0.00,0.00,0.00,0.00,0.00,0.00,0.00
"0 Hele landet","Innvandrere og norskfødte med innvandrerforeldre","Honduras",101,103,100,110,117,119,127,129,0.00,0.00,0.00,0.00,0.00,0.00,0.00,0.00
"0 Hele landet","Innvandrere og norskfødte med innvandrerforeldre","Jamaica",135,147,152,158,160,154,168,168,0.00,0.00,0.00,0.00,0.00,0.00,0.00,0.00
"0 Hele landet","Innvandrere og norskfødte med innvandrerforeldre","Martinique",7,6,7,8,7,8,8,8,0.00,0.00,0.00,0.00,0.00,0.00,0.00,0.00
"0 Hele landet","Innvandrere og norskfødte med innvandrerforeldre","Mexico",773,846,916,1009,1094,1172,1233,1283,0.02,0.02,0.02,0.02,0.02,0.02,0.02,0.02
"0 Hele landet","Innvandrere og norskfødte med innvandrerforeldre","Montserrat",3,3,3,3,3,3,3,3,0.00,0.00,0.00,0.00,0.00,0.00,0.00,0.00
"0 Hele landet","Innvandrere og norskfødte med innvandrerforeldre","De nederlandske antillene",31,33,0,0,0,0,0,0,0.00,0.00,0.00,0.00,0.00,0.00,0.00,0.00
"0 Hele landet","Innvandrere og norskfødte med innvandrerforeldre","Nicaragua",137,137,146,155,159,170,169,183,0.00,0.00,0.00,0.00,0.00,0.00,0.00,0.00
"0 Hele landet","Innvandrere og norskfødte med innvandrerforeldre","Panama",51,49,50,49,56,57,62,73,0.00,0.00,0.00,0.00,0.00,0.00,0.00,0.00
"0 Hele landet","Innvandrere og norskfødte med innvandrerforeldre","Puerto Rico",20,20,22,24,25,25,25,23,0.00,0.00,0.00,0.00,0.00,0.00,0.00,0.00
"0 Hele landet","Innvandrere og norskfødte med innvandrerforeldre","Saint Kitts og Nevis",0,0,0,0,0,0,0,0,0.00,0.00,0.00,0.00,0.00,0.00,0.00,0.00
"0 Hele landet","Innvandrere og norskfødte med innvandrerforeldre","Saint Lucia",13,13,13,13,14,14,13,13,0.00,0.00,0.00,0.00,0.00,0.00,0.00,0.00
"0 Hele landet","Innvandrere og norskfødte med innvandrerforeldre","Saint Vincent og Grenadinene",4,3,3,4,4,5,5,5,0.00,0.00,0.00,0.00,0.00,0.00,0.00,0.00
"0 Hele landet","Innvandrere og norskfødte med innvandrerforeldre","Saint-Barthélemy",0,0,0,0,0,0,0,0,0.00,0.00,0.00,0.00,0.00,0.00,0.00,0.00
"0 Hele landet","Innvandrere og norskfødte med innvandrerforeldre","Saint-Martin",0,0,0,0,0,0,0,0,0.00,0.00,0.00,0.00,0.00,0.00,0.00,0.00
"0 Hele landet","Innvandrere og norskfødte med innvandrerforeldre","Saint-Pierre-et-Miquelon",0,0,0,0,0,0,0,0,0.00,0.00,0.00,0.00,0.00,0.00,0.00,0.00
"0 Hele landet","Innvandrere og norskfødte med innvandrerforeldre","Sint Maarten",0,0,0,3,3,3,3,0,0.00,0.00,0.00,0.00,0.00,0.00,0.00,0.00
"0 Hele landet","Innvandrere og norskfødte med innvandrerforeldre","Trinidad og Tobago",259,263,262,263,269,273,272,264,0.01,0.01,0.01,0.01,0.01,0.01,0.01,0.01
"0 Hele landet","Innvandrere og norskfødte med innvandrerforeldre","Turks- og Caicosøyene",0,0,0,3,3,3,3,3,0.00,0.00,0.00,0.00,0.00,0.00,0.00,0.00
"0 Hele landet","Innvandrere og norskfødte med innvandrerforeldre","USA",7707,7853,8013,8424,8652,8732,9120,9119,0.16,0.16,0.16,0.17,0.17,0.17,0.17,0.17
"0 Hele landet","Innvandrere og norskfødte med innvandrerforeldre","Argentina",649,700,766,828,890,953,1018,1027,0.01,0.01,0.02,0.02,0.02,0.02,0.02,0.02
"0 Hele landet","Innvandrere og norskfødte med innvandrerforeldre","Bolivia",230,245,272,283,308,324,334,345,0.00,0.00,0.01,0.01,0.01,0.01,0.01,0.01
"0 Hele landet","Innvandrere og norskfødte med innvandrerforeldre","Brasil",2814,3017,3327,3677,4017,4378,4482,4647,0.06,0.06,0.07,0.07,0.08,0.08,0.09,0.09
"0 Hele landet","Innvandrere og norskfødte med innvandrerforeldre","Chile",7607,7708,7782,7865,7904,7956,7963,7960,0.16,0.16,0.16,0.16,0.15,0.15,0.15,0.15
"0 Hele landet","Innvandrere og norskfødte med innvandrerforeldre","Colombia",1216,1307,1460,1663,1841,1977,1997,2079,0.03,0.03,0.03,0.03,0.04,0.04,0.04,0.04
"0 Hele landet","Innvandrere og norskfødte med innvandrerforeldre","Ecuador",350,375,408,440,492,543,555,570,0.01,0.01,0.01,0.01,0.01,0.01,0.01,0.01
"0 Hele landet","Innvandrere og norskfødte med innvandrerforeldre","Falklandsøyene",3,3,3,3,3,3,3,3,0.00,0.00,0.00,0.00,0.00,0.00,0.00,0.00
"0 Hele landet","Innvandrere og norskfødte med innvandrerforeldre","Fransk Guyana",4,5,5,5,5,4,4,3,0.00,0.00,0.00,0.00,0.00,0.00,0.00,0.00
"0 Hele landet","Innvandrere og norskfødte med innvandrerforeldre","Guyana",82,83,83,86,86,84,86,88,0.00,0.00,0.00,0.00,0.00,0.00,0.00,0.00
"0 Hele landet","Innvandrere og norskfødte med innvandrerforeldre","Paraguay",92,100,94,97,99,109,115,122,0.00,0.00,0.00,0.00,0.00,0.00,0.00,0.00
"0 Hele landet","Innvandrere og norskfødte med innvandrerforeldre","Peru",1054,1124,1136,1211,1295,1380,1402,1449,0.02,0.02,0.02,0.02,0.03,0.03,0.03,0.03
"0 Hele landet","Innvandrere og norskfødte med innvandrerforeldre","Surinam",38,37,39,41,40,40,43,42,0.00,0.00,0.00,0.00,0.00,0.00,0.00,0.00
"0 Hele landet","Innvandrere og norskfødte med innvandrerforeldre","Uruguay",185,197,211,214,234,236,236,232,0.00,0.00,0.00,0.00,0.00,0.00,0.00,0.00
"0 Hele landet","Innvandrere og norskfødte med innvandrerforeldre","Venezuela",580,641,781,912,996,1075,1114,1126,0.01,0.01,0.02,0.02,0.02,0.02,0.02,0.02
"0 Hele landet","Innvandrere og norskfødte med innvandrerforeldre","Amerikansk Samoa",0,0,0,0,0,0,0,0,0.00,0.00,0.00,0.00,0.00,0.00,0.00,0.00
"0 Hele landet","Innvandrere og norskfødte med innvandrerforeldre","Australia",1220,1294,1363,1430,1468,1535,1583,1598,0.03,0.03,0.03,0.03,0.03,0.03,0.03,0.03
"0 Hele landet","Innvandrere og norskfødte med innvandrerforeldre","Christmasøya",0,0,0,0,0,0,0,0,0.00,0.00,0.00,0.00,0.00,0.00,0.00,0.00
"0 Hele landet","Innvandrere og norskfødte med innvandrerforeldre","Cookøyene",0,0,0,0,0,0,3,0,0.00,0.00,0.00,0.00,0.00,0.00,0.00,0.00
"0 Hele landet","Innvandrere og norskfødte med innvandrerforeldre","Fiji",35,35,36,38,37,34,37,36,0.00,0.00,0.00,0.00,0.00,0.00,0.00,0.00
"0 Hele landet","Innvandrere og norskfødte med innvandrerforeldre","Fransk Polynesia",5,5,4,5,5,6,6,6,0.00,0.00,0.00,0.00,0.00,0.00,0.00,0.00
"0 Hele landet","Innvandrere og norskfødte med innvandrerforeldre","Guam",0,0,0,0,0,0,0,0,0.00,0.00,0.00,0.00,0.00,0.00,0.00,0.00
"0 Hele landet","Innvandrere og norskfødte med innvandrerforeldre","Kiribati",0,0,3,0,0,0,3,3,0.00,0.00,0.00,0.00,0.00,0.00,0.00,0.00
"0 Hele landet","Innvandrere og norskfødte med innvandrerforeldre","Kokosøyene",0,0,0,0,0,0,0,0,0.00,0.00,0.00,0.00,0.00,0.00,0.00,0.00
"0 Hele landet","Innvandrere og norskfødte med innvandrerforeldre","Marshalløyene",0,0,3,0,0,0,0,0,0.00,0.00,0.00,0.00,0.00,0.00,0.00,0.00
"0 Hele landet","Innvandrere og norskfødte med innvandrerforeldre","Mikronesiaføderasjonen",0,0,0,0,0,0,0,0,0.00,0.00,0.00,0.00,0.00,0.00,0.00,0.00
"0 Hele landet","Innvandrere og norskfødte med innvandrerforeldre","Mindre stillehavsøyer (am.)",0,0,0,0,0,0,0,0,0.00,0.00,0.00,0.00,0.00,0.00,0.00,0.00
"0 Hele landet","Innvandrere og norskfødte med innvandrerforeldre","Nauru",0,0,0,0,0,0,0,0,0.00,0.00,0.00,0.00,0.00,0.00,0.00,0.00
"0 Hele landet","Innvandrere og norskfødte med innvandrerforeldre","New Zealand",432,453,473,503,511,528,523,503,0.01,0.01,0.01,0.01,0.01,0.01,0.01,0.01
"0 Hele landet","Innvandrere og norskfødte med innvandrerforeldre","Niue",0,0,0,0,0,0,0,0,0.00,0.00,0.00,0.00,0.00,0.00,0.00,0.00
"0 Hele landet","Innvandrere og norskfødte med innvandrerforeldre","Nord-Marianene",0,0,0,0,0,0,0,0,0.00,0.00,0.00,0.00,0.00,0.00,0.00,0.00
"0 Hele landet","Innvandrere og norskfødte med innvandrerforeldre","Norfolkøya",0,0,0,0,0,0,0,0,0.00,0.00,0.00,0.00,0.00,0.00,0.00,0.00
"0 Hele landet","Innvandrere og norskfødte med innvandrerforeldre","Ny-Caledonia",6,6,6,4,4,4,5,5,0.00,0.00,0.00,0.00,0.00,0.00,0.00,0.00
"0 Hele landet","Innvandrere og norskfødte med innvandrerforeldre","Palau",3,3,3,3,3,3,3,3,0.00,0.00,0.00,0.00,0.00,0.00,0.00,0.00
"0 Hele landet","Innvandrere og norskfødte med innvandrerforeldre","Papua Ny-Guinea",5,4,3,0,3,4,5,9,0.00,0.00,0.00,0.00,0.00,0.00,0.00,0.00
"0 Hele landet","Innvandrere og norskfødte med innvandrerforeldre","Pitcairn",0,0,0,0,0,0,0,0,0.00,0.00,0.00,0.00,0.00,0.00,0.00,0.00
"0 Hele landet","Innvandrere og norskfødte med innvandrerforeldre","Salomonøyene",3,3,3,4,6,7,7,7,0.00,0.00,0.00,0.00,0.00,0.00,0.00,0.00
"0 Hele landet","Innvandrere og norskfødte med innvandrerforeldre","Samoa",3,3,3,3,3,3,3,3,0.00,0.00,0.00,0.00,0.00,0.00,0.00,0.00
"0 Hele landet","Innvandrere og norskfødte med innvandrerforeldre","Tokelau",0,0,0,0,0,0,0,0,0.00,0.00,0.00,0.00,0.00,0.00,0.00,0.00
"0 Hele landet","Innvandrere og norskfødte med innvandrerforeldre","Tonga",5,5,5,5,5,5,5,5,0.00,0.00,0.00,0.00,0.00,0.00,0.00,0.00
"0 Hele landet","Innvandrere og norskfødte med innvandrerforeldre","Tuvalu",0,0,0,0,0,0,0,0,0.00,0.00,0.00,0.00,0.00,0.00,0.00,0.00
"0 Hele landet","Innvandrere og norskfødte med innvandrerforeldre","Vanuatu",3,3,0,0,0,0,0,0,0.00,0.00,0.00,0.00,0.00,0.00,0.00,0.00
"0 Hele landet","Innvandrere og norskfødte med innvandrerforeldre","Wallis- og Futunaøyene",0,0,0,0,0,0,0,0,0.00,0.00,0.00,0.00,0.00,0.00,0.00,0.00
"0 Hele landet","Innvandrere og norskfødte med innvandrerforeldre","Statsløse",0,0,0,0,0,0,0,0,0.00,0.00,0.00,0.00,0.00,0.00,0.00,0.00
"0 Hele landet","Innvandrere og norskfødte med innvandrerforeldre","Uoppgitt",0,0,0,0,0,0,0,0,0.00,0.00,0.00,0.00,0.00,0.00,0.00,0.00
"0 Hele landet","Innvandrere","Danmark",17774,17957,18227,18672,19220,19973,19827,19494,0.37,0.36,0.37,0.37,0.38,0.39,0.38,0.37
"0 Hele landet","Innvandrere","Grønland",159,166,164,173,182,194,209,200,0.00,0.00,0.00,0.00,0.00,0.00,0.00,0.00
"0 Hele landet","Innvandrere","Finland",6163,6131,6160,6182,6252,6336,6362,6333,0.13,0.12,0.12,0.12,0.12,0.12,0.12,0.12
"0 Hele landet","Innvandrere","Færøyene",688,682,716,729,772,764,732,700,0.01,0.01,0.01,0.01,0.02,0.01,0.01,0.01
"0 Hele landet","Innvandrere","Island",4540,5556,6572,7143,7487,7924,8198,7883,0.09,0.11,0.13,0.14,0.15,0.15,0.16,0.15
"0 Hele landet","Innvandrere","Sverige",29763,32538,34838,35602,36369,36887,37134,36315,0.61,0.66,0.70,0.70,0.71,0.71,0.71,0.69
"0 Hele landet","Innvandrere","Albania",412,443,488,568,729,948,1222,1479,0.01,0.01,0.01,0.01,0.01,0.02,0.02,0.03
"0 Hele landet","Innvandrere","Andorra",6,5,6,9,9,11,12,14,0.00,0.00,0.00,0.00,0.00,0.00,0.00,0.00
"0 Hele landet","Innvandrere","Belgia",816,868,925,1010,1068,1125,1185,1196,0.02,0.02,0.02,0.02,0.02,0.02,0.02,0.02
"0 Hele landet","Innvandrere","Bosnia-Hercegovina",13103,13111,13146,13232,13315,13453,13474,13591,0.27,0.27,0.26,0.26,0.26,0.26,0.26,0.26
"0 Hele landet","Innvandrere","Bulgaria",2018,2531,3138,3917,4914,5681,6415,6726,0.04,0.05,0.06,0.08,0.10,0.11,0.12,0.13
"0 Hele landet","Innvandrere","Estland",1981,2737,3630,4394,4791,5067,5078,4944,0.04,0.06,0.07,0.09,0.09,0.10,0.10,0.09
"0 Hele landet","Innvandrere","Frankrike",3684,4024,4424,4700,4921,5228,5316,5307,0.08,0.08,0.09,0.09,0.10,0.10,0.10,0.10
"0 Hele landet","Innvandrere","Gibraltar",3,3,0,0,0,0,3,3,0.00,0.00,0.00,0.00,0.00,0.00,0.00,0.00
"0 Hele landet","Innvandrere","Guernsey",0,0,0,0,0,3,4,4,0.00,0.00,0.00,0.00,0.00,0.00,0.00,0.00
"0 Hele landet","Innvandrere","Hellas",702,790,987,1312,1711,2060,2339,2586,0.01,0.02,0.02,0.03,0.03,0.04,0.04,0.05
"0 Hele landet","Innvandrere","Hviterussland",671,705,777,872,933,983,1020,1047,0.01,0.01,0.02,0.02,0.02,0.02,0.02,0.02
"0 Hele landet","Innvandrere","Irland",610,698,790,883,953,990,1027,1027,0.01,0.01,0.02,0.02,0.02,0.02,0.02,0.02
"0 Hele landet","Innvandrere","Italia",1892,2122,2389,2756,3122,3525,3888,4069,0.04,0.04,0.05,0.05,0.06,0.07,0.07,0.08
"0 Hele landet","Innvandrere","Jersey",0,0,0,0,0,0,3,0,0.00,0.00,0.00,0.00,0.00,0.00,0.00,0.00
"0 Hele landet","Innvandrere","Kosovo",9417,9525,9686,9821,9914,10016,9896,10034,0.19,0.19,0.19,0.19,0.19,0.19,0.19,0.19
"0 Hele landet","Innvandrere","Kroatia",2685,2732,2828,2959,3017,3348,3747,4124,0.06,0.06,0.06,0.06,0.06,0.06,0.07,0.08
"0 Hele landet","Innvandrere","Latvia",2710,4777,6663,8077,8920,9602,9963,10052,0.06,0.10,0.13,0.16,0.17,0.19,0.19,0.19
"0 Hele landet","Innvandrere","Liechtenstein",22,25,24,23,22,21,21,21,0.00,0.00,0.00,0.00,0.00,0.00,0.00,0.00
"0 Hele landet","Innvandrere","Litauen",9838,15519,22673,28605,32917,35901,37376,37638,0.20,0.32,0.45,0.57,0.64,0.69,0.72,0.72
"0 Hele landet","Innvandrere","Luxembourg",37,37,36,37,40,40,43,44,0.00,0.00,0.00,0.00,0.00,0.00,0.00,0.00
"0 Hele landet","Innvandrere","Makedonia",2168,2229,2290,2363,2425,2503,2568,2692,0.04,0.05,0.05,0.05,0.05,0.05,0.05,0.05
"0 Hele landet","Innvandrere","Malta",44,55,54,66,72,76,76,79,0.00,0.00,0.00,0.00,0.00,0.00,0.00,0.00
"0 Hele landet","Innvandrere","Man",0,0,0,0,0,0,0,0,0.00,0.00,0.00,0.00,0.00,0.00,0.00,0.00
"0 Hele landet","Innvandrere","Moldova",302,348,408,512,635,769,912,987,0.01,0.01,0.01,0.01,0.01,0.01,0.02,0.02
"0 Hele landet","Innvandrere","Monaco",8,11,12,12,11,10,12,10,0.00,0.00,0.00,0.00,0.00,0.00,0.00,0.00
"0 Hele landet","Innvandrere","Montenegro",289,298,323,342,362,389,426,443,0.01,0.01,0.01,0.01,0.01,0.01,0.01,0.01
"0 Hele landet","Innvandrere","Nederland",6270,6550,6818,7086,7260,7589,7729,7713,0.13,0.13,0.14,0.14,0.14,0.15,0.15,0.15
"0 Hele landet","Innvandrere","Polen",49309,56878,67339,76662,84004,90962,95724,97196,1.01,1.16,1.35,1.52,1.64,1.76,1.84,1.85
"0 Hele landet","Innvandrere","Portugal",1011,1145,1462,1853,2414,2810,3057,3211,0.02,0.02,0.03,0.04,0.05,0.05,0.06,0.06
"0 Hele landet","Innvandrere","Romania",4235,5245,6322,7947,10116,11923,13380,13889,0.09,0.11,0.13,0.16,0.20,0.23,0.26,0.26
"0 Hele landet","Innvandrere","Russland",13470,14228,14953,15802,16412,16803,17058,17225,0.28,0.29,0.30,0.31,0.32,0.33,0.33,0.33
"0 Hele landet","Innvandrere","San Marino",3,4,4,4,4,4,5,5,0.00,0.00,0.00,0.00,0.00,0.00,0.00,0.00
"0 Hele landet","Innvandrere","Serbia",2215,2388,2635,3050,3508,4012,4710,5361,0.05,0.05,0.05,0.06,0.07,0.08,0.09,0.10
"0 Hele landet","Innvandrere","Serbia og Montenegro",0,0,0,0,0,0,0,0,0.00,0.00,0.00,0.00,0.00,0.00,0.00,0.00
"0 Hele landet","Innvandrere","Slovakia",2045,2374,2801,3232,3538,3834,3967,3902,0.04,0.05,0.06,0.06,0.07,0.07,0.08,0.07
"0 Hele landet","Innvandrere","Slovenia",184,218,238,283,317,371,386,407,0.00,0.00,0.00,0.01,0.01,0.01,0.01,0.01
"0 Hele landet","Innvandrere","Spania",2070,2432,2977,3882,4686,5361,5779,6049,0.04,0.05,0.06,0.08,0.09,0.10,0.11,0.12
"0 Hele landet","Innvandrere","Storbritannia",12140,12675,13211,13718,13975,14294,14475,14330,0.25,0.26,0.26,0.27,0.27,0.28,0.28,0.27
"0 Hele landet","Innvandrere","Sveits",1094,1136,1201,1283,1298,1326,1352,1388,0.02,0.02,0.02,0.03,0.03,0.03,0.03,0.03
"0 Hele landet","Innvandrere","Tsjekkia",1315,1443,1601,1757,1950,2102,2181,2201,0.03,0.03,0.03,0.03,0.04,0.04,0.04,0.04
"0 Hele landet","Innvandrere","Tyrkia",10378,10583,10696,10786,10939,11049,11142,11330,0.21,0.22,0.21,0.21,0.21,0.21,0.21,0.22
"0 Hele landet","Innvandrere","Tyskland",21341,22651,23740,24240,24336,24611,24909,24601,0.44,0.46,0.48,0.48,0.48,0.48,0.48,0.47
"0 Hele landet","Innvandrere","Ukraina",2440,2714,3104,3499,3838,4181,4572,4881,0.05,0.06,0.06,0.07,0.08,0.08,0.09,0.09
"0 Hele landet","Innvandrere","Ungarn",1863,2152,2474,2844,3244,3600,3811,3863,0.04,0.04,0.05,0.06,0.06,0.07,0.07,0.07
"0 Hele landet","Innvandrere","Vatikanstaten",0,0,0,0,0,0,0,3,0.00,0.00,0.00,0.00,0.00,0.00,0.00,0.00
"0 Hele landet","Innvandrere","Østerrike",956,1030,1071,1145,1194,1211,1263,1287,0.02,0.02,0.02,0.02,0.02,0.02,0.02,0.02
"0 Hele landet","Innvandrere","Algerie",1100,1114,1140,1178,1180,1198,1224,1240,0.02,0.02,0.02,0.02,0.02,0.02,0.02,0.02
"0 Hele landet","Innvandrere","Angola",366,385,405,434,442,472,498,490,0.01,0.01,0.01,0.01,0.01,0.01,0.01,0.01
"0 Hele landet","Innvandrere","Benin",17,18,25,27,30,27,28,28,0.00,0.00,0.00,0.00,0.00,0.00,0.00,0.00
"0 Hele landet","Innvandrere","Botswana",64,64,63,68,75,70,68,68,0.00,0.00,0.00,0.00,0.00,0.00,0.00,0.00
"0 Hele landet","Innvandrere","Det britiske territoriet i Indiahavet",0,0,3,0,0,0,3,3,0.00,0.00,0.00,0.00,0.00,0.00,0.00,0.00
"0 Hele landet","Innvandrere","Burkina Faso",23,24,28,29,30,32,33,31,0.00,0.00,0.00,0.00,0.00,0.00,0.00,0.00
"0 Hele landet","Innvandrere","Burundi",951,982,1014,1043,1068,1081,1056,1075,0.02,0.02,0.02,0.02,0.02,0.02,0.02,0.02
"0 Hele landet","Innvandrere","Djibouti",34,41,47,50,52,54,59,62,0.00,0.00,0.00,0.00,0.00,0.00,0.00,0.00
"0 Hele landet","Innvandrere","Egypt",697,761,804,903,958,1038,1061,1128,0.01,0.02,0.02,0.02,0.02,0.02,0.02,0.02
"0 Hele landet","Innvandrere","Ekvatorial-Guinea",3,3,3,4,9,12,10,11,0.00,0.00,0.00,0.00,0.00,0.00,0.00,0.00
"0 Hele landet","Innvandrere","Elfenbeinskysten",226,235,239,254,261,265,298,304,0.00,0.00,0.00,0.01,0.01,0.01,0.01,0.01
"0 Hele landet","Innvandrere","Eritrea",4759,6536,8135,10040,12366,14741,17592,19957,0.10,0.13,0.16,0.20,0.24,0.29,0.34,0.38
"0 Hele landet","Innvandrere","Etiopia",4219,4724,5172,5683,6217,6716,7410,7888,0.09,0.10,0.10,0.11,0.12,0.13,0.14,0.15
"0 Hele landet","Innvandrere","Gabon",7,6,6,10,12,8,9,11,0.00,0.00,0.00,0.00,0.00,0.00,0.00,0.00
"0 Hele landet","Innvandrere","Gambia",1012,1042,1075,1099,1129,1153,1178,1202,0.02,0.02,0.02,0.02,0.02,0.02,0.02,0.02
"0 Hele landet","Innvandrere","Ghana",1504,1558,1583,1665,1775,1855,1928,1920,0.03,0.03,0.03,0.03,0.03,0.04,0.04,0.04
"0 Hele landet","Innvandrere","Guinea",132,147,169,190,224,234,276,283,0.00,0.00,0.00,0.00,0.00,0.00,0.01,0.01
"0 Hele landet","Innvandrere","Guinea-Bissau",21,23,28,33,47,54,57,59,0.00,0.00,0.00,0.00,0.00,0.00,0.00,0.00
"0 Hele landet","Innvandrere","Kamerun",412,462,490,510,527,550,577,599,0.01,0.01,0.01,0.01,0.01,0.01,0.01,0.01
"0 Hele landet","Innvandrere","Kapp Verde",385,391,399,396,394,395,386,389,0.01,0.01,0.01,0.01,0.01,0.01,0.01,0.01
"0 Hele landet","Innvandrere","Kenya",1101,1157,1221,1285,1401,1521,1706,1790,0.02,0.02,0.02,0.03,0.03,0.03,0.03,0.03
"0 Hele landet","Innvandrere","Komorene",4,4,4,4,4,4,5,5,0.00,0.00,0.00,0.00,0.00,0.00,0.00,0.00
"0 Hele landet","Innvandrere","Kongo",1759,1847,1895,1935,2118,2230,2219,2254,0.04,0.04,0.04,0.04,0.04,0.04,0.04,0.04
"0 Hele landet","Innvandrere","Kongo-Brazzaville",121,130,150,177,205,221,236,243,0.00,0.00,0.00,0.00,0.00,0.00,0.00,0.00
"0 Hele landet","Innvandrere","Lesotho",7,7,7,5,6,9,10,8,0.00,0.00,0.00,0.00,0.00,0.00,0.00,0.00
"0 Hele landet","Innvandrere","Liberia",923,938,956,957,965,959,889,893,0.02,0.02,0.02,0.02,0.02,0.02,0.02,0.02
"0 Hele landet","Innvandrere","Libya",253,269,356,461,480,498,614,655,0.01,0.01,0.01,0.01,0.01,0.01,0.01,0.01
"0 Hele landet","Innvandrere","Madagaskar",176,190,182,188,194,198,195,202,0.00,0.00,0.00,0.00,0.00,0.00,0.00,0.00
"0 Hele landet","Innvandrere","Malawi",64,61,66,63,76,83,104,105,0.00,0.00,0.00,0.00,0.00,0.00,0.00,0.00
"0 Hele landet","Innvandrere","Mali",26,28,26,30,32,36,36,38,0.00,0.00,0.00,0.00,0.00,0.00,0.00,0.00
"0 Hele landet","Innvandrere","Marokko",4861,4987,5112,5228,5357,5517,5616,5796,0.10,0.10,0.10,0.10,0.10,0.11,0.11,0.11
"0 Hele landet","Innvandrere","Mauritania",17,20,28,33,48,56,57,58,0.00,0.00,0.00,0.00,0.00,0.00,0.00,0.00
"0 Hele landet","Innvandrere","Mauritius",163,166,168,172,174,175,177,183,0.00,0.00,0.00,0.00,0.00,0.00,0.00,0.00
"0 Hele landet","Innvandrere","Mayotte",0,0,0,0,0,0,0,0,0.00,0.00,0.00,0.00,0.00,0.00,0.00,0.00
"0 Hele landet","Innvandrere","Mosambik",118,119,130,141,153,164,161,167,0.00,0.00,0.00,0.00,0.00,0.00,0.00,0.00
"0 Hele landet","Innvandrere","Namibia",66,70,69,72,71,70,71,71,0.00,0.00,0.00,0.00,0.00,0.00,0.00,0.00
"0 Hele landet","Innvandrere","Niger",35,38,41,45,47,47,56,56,0.00,0.00,0.00,0.00,0.00,0.00,0.00,0.00
"0 Hele landet","Innvandrere","Nigeria",983,1106,1254,1422,1566,1717,1761,1806,0.02,0.02,0.03,0.03,0.03,0.03,0.03,0.03
"0 Hele landet","Innvandrere","Réunion",4,3,3,3,4,4,3,3,0.00,0.00,0.00,0.00,0.00,0.00,0.00,0.00
"0 Hele landet","Innvandrere","Rwanda",539,561,579,598,604,623,629,624,0.01,0.01,0.01,0.01,0.01,0.01,0.01,0.01
"0 Hele landet","Innvandrere","São Tomé og Príncipe",3,3,3,3,3,3,4,4,0.00,0.00,0.00,0.00,0.00,0.00,0.00,0.00
"0 Hele landet","Innvandrere","Senegal",163,171,192,213,219,237,257,275,0.00,0.00,0.00,0.00,0.00,0.00,0.00,0.01
"0 Hele landet","Innvandrere","Den sentralafrikanske republikk",7,7,6,11,12,19,18,19,0.00,0.00,0.00,0.00,0.00,0.00,0.00,0.00
"0 Hele landet","Innvandrere","Seychellene",11,12,11,10,10,10,10,10,0.00,0.00,0.00,0.00,0.00,0.00,0.00,0.00
"0 Hele landet","Innvandrere","Sierra Leone",458,463,474,488,493,507,497,504,0.01,0.01,0.01,0.01,0.01,0.01,0.01,0.01
"0 Hele landet","Innvandrere","Somalia",18349,19707,20976,24015,26162,27333,28300,28696,0.38,0.40,0.42,0.48,0.51,0.53,0.54,0.55
"0 Hele landet","Innvandrere","St. Helena",3,0,3,3,3,3,3,3,0.00,0.00,0.00,0.00,0.00,0.00,0.00,0.00
"0 Hele landet","Innvandrere","Sudan",1052,1307,1463,2077,2629,3123,3697,4264,0.02,0.03,0.03,0.04,0.05,0.06,0.07,0.08
"0 Hele landet","Innvandrere","Swaziland",4,4,5,6,4,5,5,7,0.00,0.00,0.00,0.00,0.00,0.00,0.00,0.00
"0 Hele landet","Innvandrere","Sør-Afrika",736,774,799,869,900,926,961,989,0.02,0.02,0.02,0.02,0.02,0.02,0.02,0.02
"0 Hele landet","Innvandrere","Sør-Sudan",0,0,182,185,181,176,178,172,0.00,0.00,0.00,0.00,0.00,0.00,0.00,0.00
"0 Hele landet","Innvandrere","Tanzania",637,670,677,697,691,708,763,755,0.01,0.01,0.01,0.01,0.01,0.01,0.01,0.01
"0 Hele landet","Innvandrere","Togo",97,103,106,111,112,114,110,111,0.00,0.00,0.00,0.00,0.00,0.00,0.00,0.00
"0 Hele landet","Innvandrere","Tsjad",20,22,22,22,20,20,32,31,0.00,0.00,0.00,0.00,0.00,0.00,0.00,0.00
"0 Hele landet","Innvandrere","Tunisia",839,831,885,939,948,979,1005,1021,0.02,0.02,0.02,0.02,0.02,0.02,0.02,0.02
"0 Hele landet","Innvandrere","Uganda",771,792,812,891,975,1052,1231,1227,0.02,0.02,0.02,0.02,0.02,0.02,0.02,0.02
"0 Hele landet","Innvandrere","Vest-Sahara",12,21,28,35,41,41,36,35,0.00,0.00,0.00,0.00,0.00,0.00,0.00,0.00
"0 Hele landet","Innvandrere","Zambia",279,300,322,338,354,353,459,437,0.01,0.01,0.01,0.01,0.01,0.01,0.01,0.01
"0 Hele landet","Innvandrere","Zimbabwe",176,188,202,218,225,235,233,238,0.00,0.00,0.00,0.00,0.00,0.00,0.00,0.00
"0 Hele landet","Innvandrere","Afghanistan",9074,10371,11279,12195,12880,13440,14233,15986,0.19,0.21,0.23,0.24,0.25,0.26,0.27,0.30
"0 Hele landet","Innvandrere","Armenia",206,231,251,280,299,316,303,316,0.00,0.00,0.01,0.01,0.01,0.01,0.01,0.01
"0 Hele landet","Innvandrere","Aserbajdsjan",367,403,455,501,503,507,510,525,0.01,0.01,0.01,0.01,0.01,0.01,0.01,0.01
"0 Hele landet","Innvandrere","Bahrain",10,11,9,9,10,14,16,17,0.00,0.00,0.00,0.00,0.00,0.00,0.00,0.00
"0 Hele landet","Innvandrere","Bangladesh",579,618,684,760,810,860,911,946,0.01,0.01,0.01,0.02,0.02,0.02,0.02,0.02
"0 Hele landet","Innvandrere","Bhutan",225,246,253,356,355,360,362,365,0.00,0.00,0.01,0.01,0.01,0.01,0.01,0.01
"0 Hele landet","Innvandrere","Brunei",11,12,13,11,10,14,11,12,0.00,0.00,0.00,0.00,0.00,0.00,0.00,0.00
"0 Hele landet","Innvandrere","Filippinene",12128,13372,14903,16335,18056,19076,19776,20537,0.25,0.27,0.30,0.32,0.35,0.37,0.38,0.39
"0 Hele landet","Innvandrere","De forente arabiske emirater",112,138,159,182,214,255,316,380,0.00,0.00,0.00,0.00,0.00,0.00,0.01,0.01
"0 Hele landet","Innvandrere","Georgia",212,227,246,287,306,317,311,321,0.00,0.00,0.00,0.01,0.01,0.01,0.01,0.01
"0 Hele landet","Innvandrere","Hongkong",654,657,661,672,664,680,819,814,0.01,0.01,0.01,0.01,0.01,0.01,0.02,0.02
"0 Hele landet","Innvandrere","India",6888,7114,7721,8691,9485,10506,10954,11022,0.14,0.14,0.15,0.17,0.19,0.20,0.21,0.21
"0 Hele landet","Innvandrere","Indonesia",1015,1083,1158,1236,1254,1278,1271,1269,0.02,0.02,0.02,0.02,0.02,0.02,0.02,0.02
"0 Hele landet","Innvandrere","Irak",20443,21272,21784,21961,21963,21965,22154,22493,0.42,0.43,0.44,0.43,0.43,0.43,0.42,0.43
"0 Hele landet","Innvandrere","Iran",13508,14007,14795,15557,16294,16608,16462,17169,0.28,0.28,0.30,0.31,0.32,0.32,0.32,0.33
"0 Hele landet","Innvandrere","Israel",551,566,577,616,628,642,644,672,0.01,0.01,0.01,0.01,0.01,0.01,0.01,0.01
"0 Hele landet","Innvandrere","Japan",749,787,820,856,858,912,935,962,0.02,0.02,0.02,0.02,0.02,0.02,0.02,0.02
"0 Hele landet","Innvandrere","Jemen",157,211,263,297,316,337,406,483,0.00,0.00,0.01,0.01,0.01,0.01,0.01,0.01
"0 Hele landet","Innvandrere","Jordan",282,305,329,332,342,391,448,493,0.01,0.01,0.01,0.01,0.01,0.01,0.01,0.01
"0 Hele landet","Innvandrere","Kambodsja",355,363,379,385,408,423,408,419,0.01,0.01,0.01,0.01,0.01,0.01,0.01,0.01
"0 Hele landet","Innvandrere","Kasakhstan",656,696,732,796,852,899,908,911,0.01,0.01,0.01,0.02,0.02,0.02,0.02,0.02
"0 Hele landet","Innvandrere","Kina",6187,6664,7126,7558,7908,8252,8350,8475,0.13,0.14,0.14,0.15,0.15,0.16,0.16,0.16
"0 Hele landet","Innvandrere","Kirgisistan",137,151,155,163,187,185,204,219,0.00,0.00,0.00,0.00,0.00,0.00,0.00,0.00
"0 Hele landet","Innvandrere","Kuwait",274,283,307,326,344,355,379,403,0.01,0.01,0.01,0.01,0.01,0.01,0.01,0.01
"0 Hele landet","Innvandrere","Kypros",98,107,114,119,139,163,171,177,0.00,0.00,0.00,0.00,0.00,0.00,0.00,0.00
"0 Hele landet","Innvandrere","Laos",85,87,93,97,98,99,102,110,0.00,0.00,0.00,0.00,0.00,0.00,0.00,0.00
"0 Hele landet","Innvandrere","Libanon",1630,1665,1715,1725,1738,1805,1917,2216,0.03,0.03,0.03,0.03,0.03,0.03,0.04,0.04
"0 Hele landet","Innvandrere","Macao",81,89,90,95,83,80,80,79,0.00,0.00,0.00,0.00,0.00,0.00,0.00,0.00
"0 Hele landet","Innvandrere","Malaysia",442,464,518,605,644,652,741,751,0.01,0.01,0.01,0.01,0.01,0.01,0.01,0.01
"0 Hele landet","Innvandrere","Maldivene",4,6,9,10,9,5,6,5,0.00,0.00,0.00,0.00,0.00,0.00,0.00,0.00
"0 Hele landet","Innvandrere","Mongolia",87,91,98,109,121,129,133,139,0.00,0.00,0.00,0.00,0.00,0.00,0.00,0.00
"0 Hele landet","Innvandrere","Myanmar",2699,2955,3069,3342,3382,3402,3144,3186,0.06,0.06,0.06,0.07,0.07,0.07,0.06,0.06
"0 Hele landet","Innvandrere","Nepal",640,851,965,1195,1335,1465,1564,1705,0.01,0.02,0.02,0.02,0.03,0.03,0.03,0.03
"0 Hele landet","Innvandrere","Nord-Korea",30,29,30,29,28,28,28,28,0.00,0.00,0.00,0.00,0.00,0.00,0.00,0.00
"0 Hele landet","Innvandrere","Oman",6,12,17,15,20,29,21,21,0.00,0.00,0.00,0.00,0.00,0.00,0.00,0.00
"0 Hele landet","Innvandrere","Pakistan",17098,17454,17893,18440,18832,19219,19571,19973,0.35,0.35,0.36,0.37,0.37,0.37,0.38,0.38
"0 Hele landet","Innvandrere","Palestina",2702,3027,3197,3252,3286,3337,3334,3361,0.06,0.06,0.06,0.06,0.06,0.06,0.06,0.06
"0 Hele landet","Innvandrere","Qatar",12,15,24,26,30,32,45,57,0.00,0.00,0.00,0.00,0.00,0.00,0.00,0.00
"0 Hele landet","Innvandrere","Saudi-Arabia",175,205,244,285,355,407,665,780,0.00,0.00,0.00,0.01,0.01,0.01,0.01,0.01
"0 Hele landet","Innvandrere","Singapore",319,333,355,371,403,397,390,397,0.01,0.01,0.01,0.01,0.01,0.01,0.01,0.01
"0 Hele landet","Innvandrere","Sri Lanka",8606,8699,8816,8943,9019,9111,9092,9109,0.18,0.18,0.18,0.18,0.18,0.18,0.17,0.17
"0 Hele landet","Innvandrere","Syria",1404,1497,1571,2009,3080,5450,9710,20823,0.03,0.03,0.03,0.04,0.06,0.11,0.19,0.40
"0 Hele landet","Innvandrere","Sør-Korea",739,772,835,888,966,1037,1059,1079,0.02,0.02,0.02,0.02,0.02,0.02,0.02,0.02
"0 Hele landet","Innvandrere","Tadsjikistan",93,97,99,103,108,104,106,110,0.00,0.00,0.00,0.00,0.00,0.00,0.00,0.00
"0 Hele landet","Innvandrere","Taiwan",196,204,218,222,228,238,256,274,0.00,0.00,0.00,0.00,0.00,0.00,0.00,0.01
"0 Hele landet","Innvandrere","Thailand",11872,12852,13882,14988,15887,16555,17518,18634,0.24,0.26,0.28,0.30,0.31,0.32,0.34,0.35
"0 Hele landet","Innvandrere","Turkmenistan",56,60,67,71,72,74,83,81,0.00,0.00,0.00,0.00,0.00,0.00,0.00,0.00
"0 Hele landet","Innvandrere","Usbekistan",301,326,373,400,439,474,524,593,0.01,0.01,0.01,0.01,0.01,0.01,0.01,0.01
"0 Hele landet","Innvandrere","Vietnam",12892,13036,13222,13422,13580,13701,13608,13750,0.27,0.26,0.27,0.27,0.27,0.27,0.26,0.26
"0 Hele landet","Innvandrere","Øst-Timor",14,16,12,10,18,15,9,10,0.00,0.00,0.00,0.00,0.00,0.00,0.00,0.00
"0 Hele landet","Innvandrere","De amerikanske Jomfruøyene",0,0,0,0,0,0,0,0,0.00,0.00,0.00,0.00,0.00,0.00,0.00,0.00
"0 Hele landet","Innvandrere","Anguilla",0,0,0,0,0,0,0,0,0.00,0.00,0.00,0.00,0.00,0.00,0.00,0.00
"0 Hele landet","Innvandrere","Antigua og Barbuda",3,3,3,3,3,4,4,4,0.00,0.00,0.00,0.00,0.00,0.00,0.00,0.00
"0 Hele landet","Innvandrere","Aruba",12,12,11,11,10,10,12,12,0.00,0.00,0.00,0.00,0.00,0.00,0.00,0.00
"0 Hele landet","Innvandrere","Bahamas",5,6,8,8,10,10,15,14,0.00,0.00,0.00,0.00,0.00,0.00,0.00,0.00
"0 Hele landet","Innvandrere","Barbados",18,17,18,18,18,20,20,21,0.00,0.00,0.00,0.00,0.00,0.00,0.00,0.00
"0 Hele landet","Innvandrere","Belize",8,10,11,11,11,12,12,13,0.00,0.00,0.00,0.00,0.00,0.00,0.00,0.00
"0 Hele landet","Innvandrere","Bermuda",4,4,3,3,4,4,3,4,0.00,0.00,0.00,0.00,0.00,0.00,0.00,0.00
"0 Hele landet","Innvandrere","Bonaire, Sint Eustatius og Saba",0,0,0,0,0,0,0,0,0.00,0.00,0.00,0.00,0.00,0.00,0.00,0.00
"0 Hele landet","Innvandrere","De britiske Jomfruøyene",0,0,0,0,3,0,0,0,0.00,0.00,0.00,0.00,0.00,0.00,0.00,0.00
"0 Hele landet","Innvandrere","Canada",1548,1623,1612,1712,1717,1751,1825,1855,0.03,0.03,0.03,0.03,0.03,0.03,0.04,0.04
"0 Hele landet","Innvandrere","Caymanøyene",0,3,3,3,3,5,4,5,0.00,0.00,0.00,0.00,0.00,0.00,0.00,0.00
"0 Hele landet","Innvandrere","Costa Rica",106,100,110,113,127,138,139,142,0.00,0.00,0.00,0.00,0.00,0.00,0.00,0.00
"0 Hele landet","Innvandrere","Cuba",693,730,787,823,885,929,970,1004,0.01,0.01,0.02,0.02,0.02,0.02,0.02,0.02
"0 Hele landet","Innvandrere","Curaçao",0,0,29,27,26,26,27,27,0.00,0.00,0.00,0.00,0.00,0.00,0.00,0.00
"0 Hele landet","Innvandrere","Dominica",15,15,15,15,18,18,21,23,0.00,0.00,0.00,0.00,0.00,0.00,0.00,0.00
"0 Hele landet","Innvandrere","Den dominikanske republikk",523,553,612,668,717,751,790,838,0.01,0.01,0.01,0.01,0.01,0.01,0.02,0.02
"0 Hele landet","Innvandrere","El Salvador",153,162,165,182,187,199,205,207,0.00,0.00,0.00,0.00,0.00,0.00,0.00,0.00
"0 Hele landet","Innvandrere","Franske Antiller",0,0,0,0,0,0,0,0,0.00,0.00,0.00,0.00,0.00,0.00,0.00,0.00
"0 Hele landet","Innvandrere","Grenada",16,17,17,17,15,15,15,15,0.00,0.00,0.00,0.00,0.00,0.00,0.00,0.00
"0 Hele landet","Innvandrere","Guadeloupe",4,3,3,3,3,3,3,3,0.00,0.00,0.00,0.00,0.00,0.00,0.00,0.00
"0 Hele landet","Innvandrere","Guatemala",134,149,154,166,175,180,186,191,0.00,0.00,0.00,0.00,0.00,0.00,0.00,0.00
"0 Hele landet","Innvandrere","Haiti",23,27,28,31,34,33,38,40,0.00,0.00,0.00,0.00,0.00,0.00,0.00,0.00
"0 Hele landet","Innvandrere","Honduras",83,85,82,92,100,101,105,107,0.00,0.00,0.00,0.00,0.00,0.00,0.00,0.00
"0 Hele landet","Innvandrere","Jamaica",126,135,141,145,145,138,152,150,0.00,0.00,0.00,0.00,0.00,0.00,0.00,0.00
"0 Hele landet","Innvandrere","Martinique",6,6,7,7,7,7,6,6,0.00,0.00,0.00,0.00,0.00,0.00,0.00,0.00
"0 Hele landet","Innvandrere","Mexico",739,804,873,957,1037,1104,1152,1192,0.02,0.02,0.02,0.02,0.02,0.02,0.02,0.02
"0 Hele landet","Innvandrere","Montserrat",0,0,0,3,3,3,3,3,0.00,0.00,0.00,0.00,0.00,0.00,0.00,0.00
"0 Hele landet","Innvandrere","De nederlandske antillene",27,29,0,0,0,0,0,0,0.00,0.00,0.00,0.00,0.00,0.00,0.00,0.00
"0 Hele landet","Innvandrere","Nicaragua",127,127,134,143,147,156,156,170,0.00,0.00,0.00,0.00,0.00,0.00,0.00,0.00
"0 Hele landet","Innvandrere","Panama",48,46,47,46,53,54,59,69,0.00,0.00,0.00,0.00,0.00,0.00,0.00,0.00
"0 Hele landet","Innvandrere","Puerto Rico",18,18,20,22,23,23,23,21,0.00,0.00,0.00,0.00,0.00,0.00,0.00,0.00
"0 Hele landet","Innvandrere","Saint Kitts og Nevis",0,0,0,0,0,0,0,0,0.00,0.00,0.00,0.00,0.00,0.00,0.00,0.00
"0 Hele landet","Innvandrere","Saint Lucia",11,11,11,11,12,12,11,11,0.00,0.00,0.00,0.00,0.00,0.00,0.00,0.00
"0 Hele landet","Innvandrere","Saint Vincent og Grenadinene",4,3,3,4,4,5,5,5,0.00,0.00,0.00,0.00,0.00,0.00,0.00,0.00
"0 Hele landet","Innvandrere","Saint-Barthélemy",0,0,0,0,0,0,0,0,0.00,0.00,0.00,0.00,0.00,0.00,0.00,0.00
"0 Hele landet","Innvandrere","Saint-Martin",0,0,0,0,0,3,0,0,0.00,0.00,0.00,0.00,0.00,0.00,0.00,0.00
"0 Hele landet","Innvandrere","Saint-Pierre-et-Miquelon",0,0,0,0,0,0,0,0,0.00,0.00,0.00,0.00,0.00,0.00,0.00,0.00
"0 Hele landet","Innvandrere","Sint Maarten",0,0,0,3,0,3,3,3,0.00,0.00,0.00,0.00,0.00,0.00,0.00,0.00
"0 Hele landet","Innvandrere","Trinidad og Tobago",251,255,254,254,259,262,259,252,0.01,0.01,0.01,0.01,0.01,0.01,0.00,0.00
"0 Hele landet","Innvandrere","Turks- og Caicosøyene",0,0,0,0,0,0,3,3,0.00,0.00,0.00,0.00,0.00,0.00,0.00,0.00
"0 Hele landet","Innvandrere","USA",7414,7562,7715,8102,8301,8379,8446,8446,0.15,0.15,0.15,0.16,0.16,0.16,0.16,0.16
"0 Hele landet","Innvandrere","Argentina",606,650,708,760,814,872,928,931,0.01,0.01,0.01,0.02,0.02,0.02,0.02,0.02
"0 Hele landet","Innvandrere","Bolivia",209,225,247,253,276,292,298,305,0.00,0.00,0.00,0.01,0.01,0.01,0.01,0.01
"0 Hele landet","Innvandrere","Brasil",2728,2913,3201,3539,3847,4169,4263,4403,0.06,0.06,0.06,0.07,0.08,0.08,0.08,0.08
"0 Hele landet","Innvandrere","Chile",6029,6098,6135,6198,6218,6241,6191,6171,0.12,0.12,0.12,0.12,0.12,0.12,0.12,0.12
"0 Hele landet","Innvandrere","Colombia",1100,1184,1334,1521,1693,1820,1819,1891,0.02,0.02,0.03,0.03,0.03,0.04,0.03,0.04
"0 Hele landet","Innvandrere","Ecuador",317,331,362,389,444,488,500,508,0.01,0.01,0.01,0.01,0.01,0.01,0.01,0.01
"0 Hele landet","Innvandrere","Falklandsøyene",0,0,0,3,3,3,0,0,0.00,0.00,0.00,0.00,0.00,0.00,0.00,0.00
"0 Hele landet","Innvandrere","Fransk Guyana",4,5,5,5,5,4,4,3,0.00,0.00,0.00,0.00,0.00,0.00,0.00,0.00
"0 Hele landet","Innvandrere","Guyana",78,79,79,80,80,78,80,82,0.00,0.00,0.00,0.00,0.00,0.00,0.00,0.00
"0 Hele landet","Innvandrere","Paraguay",88,96,90,93,93,103,107,113,0.00,0.00,0.00,0.00,0.00,0.00,0.00,0.00
"0 Hele landet","Innvandrere","Peru",953,1014,1023,1093,1163,1237,1256,1306,0.02,0.02,0.02,0.02,0.02,0.02,0.02,0.02
"0 Hele landet","Innvandrere","Surinam",36,34,36,38,36,36,38,37,0.00,0.00,0.00,0.00,0.00,0.00,0.00,0.00
"0 Hele landet","Innvandrere","Uruguay",167,176,189,192,210,212,212,208,0.00,0.00,0.00,0.00,0.00,0.00,0.00,0.00
"0 Hele landet","Innvandrere","Venezuela",559,609,736,862,933,997,1023,1027,0.01,0.01,0.01,0.02,0.02,0.02,0.02,0.02
"0 Hele landet","Innvandrere","Amerikansk Samoa",0,0,0,0,0,0,0,0,0.00,0.00,0.00,0.00,0.00,0.00,0.00,0.00
"0 Hele landet","Innvandrere","Australia",1197,1267,1339,1399,1430,1489,1530,1543,0.02,0.03,0.03,0.03,0.03,0.03,0.03,0.03
"0 Hele landet","Innvandrere","Christmasøya",0,0,0,0,0,0,0,0,0.00,0.00,0.00,0.00,0.00,0.00,0.00,0.00
"0 Hele landet","Innvandrere","Cookøyene",3,0,0,3,0,0,0,0,0.00,0.00,0.00,0.00,0.00,0.00,0.00,0.00
"0 Hele landet","Innvandrere","Fiji",33,33,34,36,35,34,37,36,0.00,0.00,0.00,0.00,0.00,0.00,0.00,0.00
"0 Hele landet","Innvandrere","Fransk Polynesia",5,5,4,5,5,6,6,6,0.00,0.00,0.00,0.00,0.00,0.00,0.00,0.00
"0 Hele landet","Innvandrere","Guam",0,0,0,0,0,0,0,0,0.00,0.00,0.00,0.00,0.00,0.00,0.00,0.00
"0 Hele landet","Innvandrere","Kiribati",0,0,0,0,3,3,3,3,0.00,0.00,0.00,0.00,0.00,0.00,0.00,0.00
"0 Hele landet","Innvandrere","Kokosøyene",0,0,0,0,0,0,0,0,0.00,0.00,0.00,0.00,0.00,0.00,0.00,0.00
"0 Hele landet","Innvandrere","Marshalløyene",0,0,0,0,0,0,0,0,0.00,0.00,0.00,0.00,0.00,0.00,0.00,0.00
"0 Hele landet","Innvandrere","Mikronesiaføderasjonen",3,3,3,3,0,0,0,3,0.00,0.00,0.00,0.00,0.00,0.00,0.00,0.00
"0 Hele landet","Innvandrere","Mindre stillehavsøyer (am.)",0,0,0,0,0,0,0,0,0.00,0.00,0.00,0.00,0.00,0.00,0.00,0.00
"0 Hele landet","Innvandrere","Nauru",0,0,0,0,0,0,0,0,0.00,0.00,0.00,0.00,0.00,0.00,0.00,0.00
"0 Hele landet","Innvandrere","New Zealand",414,438,457,485,494,512,506,487,0.01,0.01,0.01,0.01,0.01,0.01,0.01,0.01
"0 Hele landet","Innvandrere","Niue",0,0,0,0,0,0,0,0,0.00,0.00,0.00,0.00,0.00,0.00,0.00,0.00
"0 Hele landet","Innvandrere","Nord-Marianene",0,0,0,0,0,0,0,0,0.00,0.00,0.00,0.00,0.00,0.00,0.00,0.00
"0 Hele landet","Innvandrere","Norfolkøya",0,0,0,0,0,0,0,0,0.00,0.00,0.00,0.00,0.00,0.00,0.00,0.00
"0 Hele landet","Innvandrere","Ny-Caledonia",5,5,5,4,4,4,5,5,0.00,0.00,0.00,0.00,0.00,0.00,0.00,0.00
"0 Hele landet","Innvandrere","Palau",0,3,3,0,3,3,3,0,0.00,0.00,0.00,0.00,0.00,0.00,0.00,0.00
"0 Hele landet","Innvandrere","Papua Ny-Guinea",5,4,3,0,3,4,5,8,0.00,0.00,0.00,0.00,0.00,0.00,0.00,0.00
"0 Hele landet","Innvandrere","Pitcairn",0,0,0,0,0,0,0,0,0.00,0.00,0.00,0.00,0.00,0.00,0.00,0.00
"0 Hele landet","Innvandrere","Salomonøyene",3,3,3,4,5,6,6,5,0.00,0.00,0.00,0.00,0.00,0.00,0.00,0.00
"0 Hele landet","Innvandrere","Samoa",3,3,3,3,3,3,3,3,0.00,0.00,0.00,0.00,0.00,0.00,0.00,0.00
"0 Hele landet","Innvandrere","Tokelau",0,0,0,0,0,0,0,0,0.00,0.00,0.00,0.00,0.00,0.00,0.00,0.00
"0 Hele landet","Innvandrere","Tonga",5,5,5,5,5,5,5,5,0.00,0.00,0.00,0.00,0.00,0.00,0.00,0.00
"0 Hele landet","Innvandrere","Tuvalu",0,0,0,0,0,0,0,0,0.00,0.00,0.00,0.00,0.00,0.00,0.00,0.00
"0 Hele landet","Innvandrere","Vanuatu",3,3,3,0,3,0,0,0,0.00,0.00,0.00,0.00,0.00,0.00,0.00,0.00
"0 Hele landet","Innvandrere","Wallis- og Futunaøyene",0,0,0,0,0,0,0,0,0.00,0.00,0.00,0.00,0.00,0.00,0.00,0.00
"0 Hele landet","Innvandrere","Statsløse",0,0,0,0,0,0,0,0,0.00,0.00,0.00,0.00,0.00,0.00,0.00,0.00
"0 Hele landet","Innvandrere","Uoppgitt",0,0,0,0,0,0,0,0,0.00,0.00,0.00,0.00,0.00,0.00,0.00,0.00
"0 Hele landet","Norskfødte med innvandrerforeldre","Danmark",1524,1565,1596,1632,1677,1763,1935,1953,0.03,0.03,0.03,0.03,0.03,0.03,0.04,0.04
"0 Hele landet","Norskfødte med innvandrerforeldre","Grønland",5,6,6,7,8,10,12,15,0.00,0.00,0.00,0.00,0.00,0.00,0.00,0.00
"0 Hele landet","Norskfødte med innvandrerforeldre","Finland",502,495,500,529,545,558,650,660,0.01,0.01,0.01,0.01,0.01,0.01,0.01,0.01
"0 Hele landet","Norskfødte med innvandrerforeldre","Færøyene",66,69,71,75,76,80,94,94,0.00,0.00,0.00,0.00,0.00,0.00,0.00,0.00
"0 Hele landet","Norskfødte med innvandrerforeldre","Island",426,466,553,613,682,736,807,821,0.01,0.01,0.01,0.01,0.01,0.01,0.02,0.02
"0 Hele landet","Norskfødte med innvandrerforeldre","Sverige",1430,1570,1740,1865,2045,2229,2821,2951,0.03,0.03,0.03,0.04,0.04,0.04,0.05,0.06
"0 Hele landet","Norskfødte med innvandrerforeldre","Albania",79,96,110,126,149,170,211,257,0.00,0.00,0.00,0.00,0.00,0.00,0.00,0.00
"0 Hele landet","Norskfødte med innvandrerforeldre","Andorra",3,0,0,0,0,0,0,0,0.00,0.00,0.00,0.00,0.00,0.00,0.00,0.00
"0 Hele landet","Norskfødte med innvandrerforeldre","Belgia",63,71,69,79,85,87,99,106,0.00,0.00,0.00,0.00,0.00,0.00,0.00,0.00
"0 Hele landet","Norskfødte med innvandrerforeldre","Bosnia-Hercegovina",2815,3014,3192,3381,3530,3708,3928,4093,0.06,0.06,0.06,0.07,0.07,0.07,0.08,0.08
"0 Hele landet","Norskfødte med innvandrerforeldre","Bulgaria",134,162,199,245,313,397,505,595,0.00,0.00,0.00,0.00,0.01,0.01,0.01,0.01
"0 Hele landet","Norskfødte med innvandrerforeldre","Estland",111,134,187,238,301,351,390,435,0.00,0.00,0.00,0.00,0.01,0.01,0.01,0.01
"0 Hele landet","Norskfødte med innvandrerforeldre","Frankrike",246,265,292,322,355,428,489,522,0.01,0.01,0.01,0.01,0.01,0.01,0.01,0.01
"0 Hele landet","Norskfødte med innvandrerforeldre","Gibraltar",0,0,0,0,0,0,0,0,0.00,0.00,0.00,0.00,0.00,0.00,0.00,0.00
"0 Hele landet","Norskfødte med innvandrerforeldre","Guernsey",0,0,0,0,0,0,0,0,0.00,0.00,0.00,0.00,0.00,0.00,0.00,0.00
"0 Hele landet","Norskfødte med innvandrerforeldre","Hellas",41,44,48,52,65,78,100,117,0.00,0.00,0.00,0.00,0.00,0.00,0.00,0.00
"0 Hele landet","Norskfødte med innvandrerforeldre","Hviterussland",39,47,62,86,112,128,145,169,0.00,0.00,0.00,0.00,0.00,0.00,0.00,0.00
"0 Hele landet","Norskfødte med innvandrerforeldre","Irland",30,29,34,33,38,43,49,52,0.00,0.00,0.00,0.00,0.00,0.00,0.00,0.00
"0 Hele landet","Norskfødte med innvandrerforeldre","Italia",100,108,124,134,149,174,208,235,0.00,0.00,0.00,0.00,0.00,0.00,0.00,0.00
"0 Hele landet","Norskfødte med innvandrerforeldre","Jersey",0,0,0,0,0,0,0,0,0.00,0.00,0.00,0.00,0.00,0.00,0.00,0.00
"0 Hele landet","Norskfødte med innvandrerforeldre","Kosovo",3302,3778,4014,4243,4494,4699,5063,5294,0.07,0.08,0.08,0.08,0.09,0.09,0.10,0.10
"0 Hele landet","Norskfødte med innvandrerforeldre","Kroatia",559,595,623,653,682,718,754,793,0.01,0.01,0.01,0.01,0.01,0.01,0.01,0.02
"0 Hele landet","Norskfødte med innvandrerforeldre","Latvia",146,202,310,425,540,730,907,1020,0.00,0.00,0.01,0.01,0.01,0.01,0.02,0.02
"0 Hele landet","Norskfødte med innvandrerforeldre","Liechtenstein",0,0,3,0,3,3,3,3,0.00,0.00,0.00,0.00,0.00,0.00,0.00,0.00
"0 Hele landet","Norskfødte med innvandrerforeldre","Litauen",503,790,1268,1935,2629,3404,4250,4853,0.01,0.02,0.03,0.04,0.05,0.07,0.08,0.09
"0 Hele landet","Norskfødte med innvandrerforeldre","Luxembourg",0,0,0,0,0,0,0,0,0.00,0.00,0.00,0.00,0.00,0.00,0.00,0.00
"0 Hele landet","Norskfødte med innvandrerforeldre","Makedonia",949,1015,1074,1119,1170,1226,1307,1345,0.02,0.02,0.02,0.02,0.02,0.02,0.03,0.03
"0 Hele landet","Norskfødte med innvandrerforeldre","Malta",3,4,4,5,5,5,5,5,0.00,0.00,0.00,0.00,0.00,0.00,0.00,0.00
"0 Hele landet","Norskfødte med innvandrerforeldre","Man",0,0,0,0,0,0,0,0,0.00,0.00,0.00,0.00,0.00,0.00,0.00,0.00
"0 Hele landet","Norskfødte med innvandrerforeldre","Moldova",21,28,35,46,61,73,105,127,0.00,0.00,0.00,0.00,0.00,0.00,0.00,0.00
"0 Hele landet","Norskfødte med innvandrerforeldre","Monaco",0,0,0,0,0,0,0,0,0.00,0.00,0.00,0.00,0.00,0.00,0.00,0.00
"0 Hele landet","Norskfødte med innvandrerforeldre","Montenegro",61,77,82,86,98,121,148,159,0.00,0.00,0.00,0.00,0.00,0.00,0.00,0.00
"0 Hele landet","Norskfødte med innvandrerforeldre","Nederland",656,701,739,772,802,829,867,882,0.01,0.01,0.01,0.02,0.02,0.02,0.02,0.02
"0 Hele landet","Norskfødte med innvandrerforeldre","Polen",2816,3732,4764,5939,7175,8462,10001,11059,0.06,0.08,0.10,0.12,0.14,0.16,0.19,0.21
"0 Hele landet","Norskfødte med innvandrerforeldre","Portugal",68,81,95,114,146,174,230,262,0.00,0.00,0.00,0.00,0.00,0.00,0.00,0.00
"0 Hele landet","Norskfødte med innvandrerforeldre","Romania",298,425,547,719,952,1233,1548,1775,0.01,0.01,0.01,0.01,0.02,0.02,0.03,0.03
"0 Hele landet","Norskfødte med innvandrerforeldre","Russland",1403,1652,1880,2142,2358,2611,2954,3219,0.03,0.03,0.04,0.04,0.05,0.05,0.06,0.06
"0 Hele landet","Norskfødte med innvandrerforeldre","San Marino",3,3,3,3,3,3,3,3,0.00,0.00,0.00,0.00,0.00,0.00,0.00,0.00
"0 Hele landet","Norskfødte med innvandrerforeldre","Serbia",533,599,643,691,745,841,923,1035,0.01,0.01,0.01,0.01,0.01,0.02,0.02,0.02
"0 Hele landet","Norskfødte med innvandrerforeldre","Serbia og Montenegro",279,0,0,0,0,0,0,0,0.01,0.00,0.00,0.00,0.00,0.00,0.00,0.00
"0 Hele landet","Norskfødte med innvandrerforeldre","Slovakia",97,124,158,228,275,335,407,432,0.00,0.00,0.00,0.00,0.01,0.01,0.01,0.01
"0 Hele landet","Norskfødte med innvandrerforeldre","Slovenia",19,20,26,30,36,36,47,56,0.00,0.00,0.00,0.00,0.00,0.00,0.00,0.00
"0 Hele landet","Norskfødte med innvandrerforeldre","Spania",135,145,155,179,217,264,321,370,0.00,0.00,0.00,0.00,0.00,0.01,0.01,0.01
"0 Hele landet","Norskfødte med innvandrerforeldre","Storbritannia",703,720,748,786,799,829,972,991,0.01,0.01,0.02,0.02,0.02,0.02,0.02,0.02
"0 Hele landet","Norskfødte med innvandrerforeldre","Sveits",110,106,117,121,132,142,164,162,0.00,0.00,0.00,0.00,0.00,0.00,0.00,0.00
"0 Hele landet","Norskfødte med innvandrerforeldre","Tsjekkia",149,171,179,206,230,253,285,302,0.00,0.00,0.00,0.00,0.00,0.00,0.01,0.01
"0 Hele landet","Norskfødte med innvandrerforeldre","Tyrkia",5620,5847,6046,6218,6406,6559,6728,6842,0.12,0.12,0.12,0.12,0.13,0.13,0.13,0.13
"0 Hele landet","Norskfødte med innvandrerforeldre","Tyskland",1518,1743,1943,2158,2347,2554,2861,2992,0.03,0.04,0.04,0.04,0.05,0.05,0.05,0.06
"0 Hele landet","Norskfødte med innvandrerforeldre","Ukraina",164,204,239,302,372,442,516,589,0.00,0.00,0.00,0.01,0.01,0.01,0.01,0.01
"0 Hele landet","Norskfødte med innvandrerforeldre","Ungarn",425,447,474,506,545,592,640,692,0.01,0.01,0.01,0.01,0.01,0.01,0.01,0.01
"0 Hele landet","Norskfødte med innvandrerforeldre","Vatikanstaten",0,0,0,0,0,0,0,0,0.00,0.00,0.00,0.00,0.00,0.00,0.00,0.00
"0 Hele landet","Norskfødte med innvandrerforeldre","Østerrike",41,44,52,56,65,71,102,111,0.00,0.00,0.00,0.00,0.00,0.00,0.00,0.00
"0 Hele landet","Norskfødte med innvandrerforeldre","Algerie",397,411,429,449,457,489,528,523,0.01,0.01,0.01,0.01,0.01,0.01,0.01,0.01
"0 Hele landet","Norskfødte med innvandrerforeldre","Angola",42,49,59,59,62,64,70,74,0.00,0.00,0.00,0.00,0.00,0.00,0.00,0.00
"0 Hele landet","Norskfødte med innvandrerforeldre","Benin",0,3,0,3,0,3,3,3,0.00,0.00,0.00,0.00,0.00,0.00,0.00,0.00
"0 Hele landet","Norskfødte med innvandrerforeldre","Botswana",4,3,3,4,5,5,8,9,0.00,0.00,0.00,0.00,0.00,0.00,0.00,0.00
"0 Hele landet","Norskfødte med innvandrerforeldre","Det britiske territoriet i Indiahavet",0,0,0,0,0,0,0,0,0.00,0.00,0.00,0.00,0.00,0.00,0.00,0.00
"0 Hele landet","Norskfødte med innvandrerforeldre","Burkina Faso",0,0,0,3,3,3,3,3,0.00,0.00,0.00,0.00,0.00,0.00,0.00,0.00
"0 Hele landet","Norskfødte med innvandrerforeldre","Burundi",168,210,235,262,282,311,345,371,0.00,0.00,0.00,0.01,0.01,0.01,0.01,0.01
"0 Hele landet","Norskfødte med innvandrerforeldre","Djibouti",24,28,34,35,40,42,50,50,0.00,0.00,0.00,0.00,0.00,0.00,0.00,0.00
"0 Hele landet","Norskfødte med innvandrerforeldre","Egypt",109,122,129,143,160,180,197,210,0.00,0.00,0.00,0.00,0.00,0.00,0.00,0.00
"0 Hele landet","Norskfødte med innvandrerforeldre","Ekvatorial-Guinea",0,0,0,0,0,0,3,3,0.00,0.00,0.00,0.00,0.00,0.00,0.00,0.00
"0 Hele landet","Norskfødte med innvandrerforeldre","Elfenbeinskysten",32,34,37,45,47,51,56,61,0.00,0.00,0.00,0.00,0.00,0.00,0.00,0.00
"0 Hele landet","Norskfødte med innvandrerforeldre","Eritrea",1030,1192,1431,1718,2031,2393,3109,3661,0.02,0.02,0.03,0.03,0.04,0.05,0.06,0.07
"0 Hele landet","Norskfødte med innvandrerforeldre","Etiopia",937,1081,1233,1413,1590,1839,2207,2499,0.02,0.02,0.02,0.03,0.03,0.04,0.04,0.05
"0 Hele landet","Norskfødte med innvandrerforeldre","Gabon",0,0,0,0,0,0,0,3,0.00,0.00,0.00,0.00,0.00,0.00,0.00,0.00
"0 Hele landet","Norskfødte med innvandrerforeldre","Gambia",397,430,450,466,477,501,550,560,0.01,0.01,0.01,0.01,0.01,0.01,0.01,0.01
"0 Hele landet","Norskfødte med innvandrerforeldre","Ghana",530,558,582,616,649,688,737,782,0.01,0.01,0.01,0.01,0.01,0.01,0.01,0.01
"0 Hele landet","Norskfødte med innvandrerforeldre","Guinea",22,28,34,43,54,62,81,92,0.00,0.00,0.00,0.00,0.00,0.00,0.00,0.00
"0 Hele landet","Norskfødte med innvandrerforeldre","Guinea-Bissau",4,4,7,6,7,8,12,13,0.00,0.00,0.00,0.00,0.00,0.00,0.00,0.00
"0 Hele landet","Norskfødte med innvandrerforeldre","Kamerun",60,72,84,92,105,121,139,148,0.00,0.00,0.00,0.00,0.00,0.00,0.00,0.00
"0 Hele landet","Norskfødte med innvandrerforeldre","Kapp Verde",111,114,115,123,124,126,133,135,0.00,0.00,0.00,0.00,0.00,0.00,0.00,0.00
"0 Hele landet","Norskfødte med innvandrerforeldre","Kenya",174,187,199,216,235,246,277,305,0.00,0.00,0.00,0.00,0.00,0.00,0.01,0.01
"0 Hele landet","Norskfødte med innvandrerforeldre","Komorene",0,0,0,0,0,3,0,3,0.00,0.00,0.00,0.00,0.00,0.00,0.00,0.00
"0 Hele landet","Norskfødte med innvandrerforeldre","Kongo",291,336,389,434,472,523,627,696,0.01,0.01,0.01,0.01,0.01,0.01,0.01,0.01
"0 Hele landet","Norskfødte med innvandrerforeldre","Kongo-Brazzaville",30,34,39,41,46,56,58,60,0.00,0.00,0.00,0.00,0.00,0.00,0.00,0.00
"0 Hele landet","Norskfødte med innvandrerforeldre","Lesotho",0,0,0,0,0,0,0,0,0.00,0.00,0.00,0.00,0.00,0.00,0.00,0.00
"0 Hele landet","Norskfødte med innvandrerforeldre","Liberia",152,178,207,232,255,274,294,307,0.00,0.00,0.00,0.00,0.00,0.01,0.01,0.01
"0 Hele landet","Norskfødte med innvandrerforeldre","Libya",49,60,78,78,89,104,123,137,0.00,0.00,0.00,0.00,0.00,0.00,0.00,0.00
"0 Hele landet","Norskfødte med innvandrerforeldre","Madagaskar",22,22,28,31,32,31,35,39,0.00,0.00,0.00,0.00,0.00,0.00,0.00,0.00
"0 Hele landet","Norskfødte med innvandrerforeldre","Malawi",0,0,3,3,3,3,3,4,0.00,0.00,0.00,0.00,0.00,0.00,0.00,0.00
"0 Hele landet","Norskfødte med innvandrerforeldre","Mali",12,12,14,15,16,17,23,23,0.00,0.00,0.00,0.00,0.00,0.00,0.00,0.00
"0 Hele landet","Norskfødte med innvandrerforeldre","Marokko",3197,3318,3479,3616,3754,3879,4031,4159,0.07,0.07,0.07,0.07,0.07,0.08,0.08,0.08
"0 Hele landet","Norskfødte med innvandrerforeldre","Mauritania",0,0,0,0,0,0,0,0,0.00,0.00,0.00,0.00,0.00,0.00,0.00,0.00
"0 Hele landet","Norskfødte med innvandrerforeldre","Mauritius",48,48,47,47,47,48,48,48,0.00,0.00,0.00,0.00,0.00,0.00,0.00,0.00
"0 Hele landet","Norskfødte med innvandrerforeldre","Mayotte",0,0,0,0,0,0,0,0,0.00,0.00,0.00,0.00,0.00,0.00,0.00,0.00
"0 Hele landet","Norskfødte med innvandrerforeldre","Mosambik",8,9,12,14,14,15,13,16,0.00,0.00,0.00,0.00,0.00,0.00,0.00,0.00
"0 Hele landet","Norskfødte med innvandrerforeldre","Namibia",3,3,3,3,4,4,3,0,0.00,0.00,0.00,0.00,0.00,0.00,0.00,0.00
"0 Hele landet","Norskfødte med innvandrerforeldre","Niger",4,5,8,9,10,10,14,16,0.00,0.00,0.00,0.00,0.00,0.00,0.00,0.00
"0 Hele landet","Norskfødte med innvandrerforeldre","Nigeria",264,283,323,358,398,447,513,542,0.01,0.01,0.01,0.01,0.01,0.01,0.01,0.01
"0 Hele landet","Norskfødte med innvandrerforeldre","Réunion",0,0,0,0,0,0,0,0,0.00,0.00,0.00,0.00,0.00,0.00,0.00,0.00
"0 Hele landet","Norskfødte med innvandrerforeldre","Rwanda",114,127,131,144,156,168,190,196,0.00,0.00,0.00,0.00,0.00,0.00,0.00,0.00
"0 Hele landet","Norskfødte med innvandrerforeldre","São Tomé og Príncipe",0,0,0,0,0,0,0,0,0.00,0.00,0.00,0.00,0.00,0.00,0.00,0.00
"0 Hele landet","Norskfødte med innvandrerforeldre","Senegal",42,49,58,60,62,68,77,82,0.00,0.00,0.00,0.00,0.00,0.00,0.00,0.00
"0 Hele landet","Norskfødte med innvandrerforeldre","Den sentralafrikanske republikk",3,3,3,4,4,4,4,4,0.00,0.00,0.00,0.00,0.00,0.00,0.00,0.00
"0 Hele landet","Norskfødte med innvandrerforeldre","Seychellene",0,0,0,0,0,3,0,0,0.00,0.00,0.00,0.00,0.00,0.00,0.00,0.00
"0 Hele landet","Norskfødte med innvandrerforeldre","Sierra Leone",95,111,119,126,138,157,172,175,0.00,0.00,0.00,0.00,0.00,0.00,0.00,0.00
"0 Hele landet","Norskfødte med innvandrerforeldre","Somalia",7147,7816,8419,9102,9750,10298,11800,12767,0.15,0.16,0.17,0.18,0.19,0.20,0.23,0.24
"0 Hele landet","Norskfødte med innvandrerforeldre","St. Helena",0,0,0,0,0,0,0,0,0.00,0.00,0.00,0.00,0.00,0.00,0.00,0.00
"0 Hele landet","Norskfødte med innvandrerforeldre","Sudan",266,304,346,405,463,556,622,735,0.01,0.01,0.01,0.01,0.01,0.01,0.01,0.01
"0 Hele landet","Norskfødte med innvandrerforeldre","Swaziland",0,0,0,0,0,0,0,0,0.00,0.00,0.00,0.00,0.00,0.00,0.00,0.00
"0 Hele landet","Norskfødte med innvandrerforeldre","Sør-Afrika",37,35,41,45,51,60,68,72,0.00,0.00,0.00,0.00,0.00,0.00,0.00,0.00
"0 Hele landet","Norskfødte med innvandrerforeldre","Sør-Sudan",0,0,0,4,11,14,77,75,0.00,0.00,0.00,0.00,0.00,0.00,0.00,0.00
"0 Hele landet","Norskfødte med innvandrerforeldre","Tanzania",102,114,119,126,130,143,150,149,0.00,0.00,0.00,0.00,0.00,0.00,0.00,0.00
"0 Hele landet","Norskfødte med innvandrerforeldre","Togo",32,32,37,40,43,46,48,51,0.00,0.00,0.00,0.00,0.00,0.00,0.00,0.00
"0 Hele landet","Norskfødte med innvandrerforeldre","Tsjad",3,3,4,3,3,4,5,6,0.00,0.00,0.00,0.00,0.00,0.00,0.00,0.00
"0 Hele landet","Norskfødte med innvandrerforeldre","Tunisia",267,266,289,326,331,357,394,410,0.01,0.01,0.01,0.01,0.01,0.01,0.01,0.01
"0 Hele landet","Norskfødte med innvandrerforeldre","Uganda",132,149,165,177,192,211,239,259,0.00,0.00,0.00,0.00,0.00,0.00,0.00,0.00
"0 Hele landet","Norskfødte med innvandrerforeldre","Vest-Sahara",0,0,0,0,0,0,0,0,0.00,0.00,0.00,0.00,0.00,0.00,0.00,0.00
"0 Hele landet","Norskfødte med innvandrerforeldre","Zambia",22,24,29,32,36,40,39,40,0.00,0.00,0.00,0.00,0.00,0.00,0.00,0.00
"0 Hele landet","Norskfødte med innvandrerforeldre","Zimbabwe",17,22,24,28,29,34,33,36,0.00,0.00,0.00,0.00,0.00,0.00,0.00,0.00
"0 Hele landet","Norskfødte med innvandrerforeldre","Afghanistan",1401,1672,1940,2254,2579,2880,3286,3574,0.03,0.03,0.04,0.04,0.05,0.06,0.06,0.07
"0 Hele landet","Norskfødte med innvandrerforeldre","Armenia",20,20,24,31,37,45,51,56,0.00,0.00,0.00,0.00,0.00,0.00,0.00,0.00
"0 Hele landet","Norskfødte med innvandrerforeldre","Aserbajdsjan",68,73,83,89,96,103,113,120,0.00,0.00,0.00,0.00,0.00,0.00,0.00,0.00
"0 Hele landet","Norskfødte med innvandrerforeldre","Bahrain",3,4,4,4,4,4,5,5,0.00,0.00,0.00,0.00,0.00,0.00,0.00,0.00
"0 Hele landet","Norskfødte med innvandrerforeldre","Bangladesh",220,232,249,266,276,292,306,325,0.00,0.00,0.00,0.01,0.01,0.01,0.01,0.01
"0 Hele landet","Norskfødte med innvandrerforeldre","Bhutan",4,7,11,13,17,21,31,40,0.00,0.00,0.00,0.00,0.00,0.00,0.00,0.00
"0 Hele landet","Norskfødte med innvandrerforeldre","Brunei",3,3,3,3,3,3,3,3,0.00,0.00,0.00,0.00,0.00,0.00,0.00,0.00
"0 Hele landet","Norskfødte med innvandrerforeldre","Filippinene",1319,1425,1528,1672,1830,2022,2169,2355,0.03,0.03,0.03,0.03,0.04,0.04,0.04,0.04
"0 Hele landet","Norskfødte med innvandrerforeldre","De forente arabiske emirater",54,64,65,71,79,85,114,118,0.00,0.00,0.00,0.00,0.00,0.00,0.00,0.00
"0 Hele landet","Norskfødte med innvandrerforeldre","Georgia",16,21,23,26,33,39,43,46,0.00,0.00,0.00,0.00,0.00,0.00,0.00,0.00
"0 Hele landet","Norskfødte med innvandrerforeldre","Hongkong",177,177,182,186,189,198,232,239,0.00,0.00,0.00,0.00,0.00,0.00,0.00,0.00
"0 Hele landet","Norskfødte med innvandrerforeldre","India",2859,2982,3109,3269,3439,3581,3741,3911,0.06,0.06,0.06,0.06,0.07,0.07,0.07,0.07
"0 Hele landet","Norskfødte med innvandrerforeldre","Indonesia",133,154,185,203,214,231,254,266,0.00,0.00,0.00,0.00,0.00,0.00,0.00,0.01
"0 Hele landet","Norskfødte med innvandrerforeldre","Irak",5931,6555,7151,7653,8181,8695,9336,9811,0.12,0.13,0.14,0.15,0.16,0.17,0.18,0.19
"0 Hele landet","Norskfødte med innvandrerforeldre","Iran",2813,2950,3118,3304,3499,3712,3999,4195,0.06,0.06,0.06,0.07,0.07,0.07,0.08,0.08
"0 Hele landet","Norskfødte med innvandrerforeldre","Israel",61,64,65,71,69,75,82,89,0.00,0.00,0.00,0.00,0.00,0.00,0.00,0.00
"0 Hele landet","Norskfødte med innvandrerforeldre","Japan",38,44,44,53,58,60,72,72,0.00,0.00,0.00,0.00,0.00,0.00,0.00,0.00
"0 Hele landet","Norskfødte med innvandrerforeldre","Jemen",40,48,60,77,87,89,109,126,0.00,0.00,0.00,0.00,0.00,0.00,0.00,0.00
"0 Hele landet","Norskfødte med innvandrerforeldre","Jordan",106,131,149,160,179,192,217,224,0.00,0.00,0.00,0.00,0.00,0.00,0.00,0.00
"0 Hele landet","Norskfødte med innvandrerforeldre","Kambodsja",130,137,140,150,156,170,156,163,0.00,0.00,0.00,0.00,0.00,0.00,0.00,0.00
"0 Hele landet","Norskfødte med innvandrerforeldre","Kasakhstan",59,71,81,93,104,122,139,153,0.00,0.00,0.00,0.00,0.00,0.00,0.00,0.00
"0 Hele landet","Norskfødte med innvandrerforeldre","Kina",1139,1231,1332,1467,1583,1732,1847,1991,0.02,0.03,0.03,0.03,0.03,0.03,0.04,0.04
"0 Hele landet","Norskfødte med innvandrerforeldre","Kirgisistan",12,13,18,21,24,26,31,35,0.00,0.00,0.00,0.00,0.00,0.00,0.00,0.00
"0 Hele landet","Norskfødte med innvandrerforeldre","Kuwait",71,76,95,105,115,130,141,151,0.00,0.00,0.00,0.00,0.00,0.00,0.00,0.00
"0 Hele landet","Norskfødte med innvandrerforeldre","Kypros",5,5,5,5,5,5,5,5,0.00,0.00,0.00,0.00,0.00,0.00,0.00,0.00
"0 Hele landet","Norskfødte med innvandrerforeldre","Laos",7,8,10,10,12,14,17,17,0.00,0.00,0.00,0.00,0.00,0.00,0.00,0.00
"0 Hele landet","Norskfødte med innvandrerforeldre","Libanon",767,811,851,874,886,909,947,973,0.02,0.02,0.02,0.02,0.02,0.02,0.02,0.02
"0 Hele landet","Norskfødte med innvandrerforeldre","Macao",6,7,7,7,9,10,9,10,0.00,0.00,0.00,0.00,0.00,0.00,0.00,0.00
"0 Hele landet","Norskfødte med innvandrerforeldre","Malaysia",43,50,55,63,69,75,92,96,0.00,0.00,0.00,0.00,0.00,0.00,0.00,0.00
"0 Hele landet","Norskfødte med innvandrerforeldre","Maldivene",0,0,0,0,0,0,0,0,0.00,0.00,0.00,0.00,0.00,0.00,0.00,0.00
"0 Hele landet","Norskfødte med innvandrerforeldre","Mongolia",9,10,16,19,19,23,27,28,0.00,0.00,0.00,0.00,0.00,0.00,0.00,0.00
"0 Hele landet","Norskfødte med innvandrerforeldre","Myanmar",316,395,458,514,592,641,699,752,0.01,0.01,0.01,0.01,0.01,0.01,0.01,0.01
"0 Hele landet","Norskfødte med innvandrerforeldre","Nepal",41,42,48,61,83,109,125,170,0.00,0.00,0.00,0.00,0.00,0.00,0.00,0.00
"0 Hele landet","Norskfødte med innvandrerforeldre","Nord-Korea",9,10,11,11,12,11,10,10,0.00,0.00,0.00,0.00,0.00,0.00,0.00,0.00
"0 Hele landet","Norskfødte med innvandrerforeldre","Oman",0,0,0,0,0,0,0,0,0.00,0.00,0.00,0.00,0.00,0.00,0.00,0.00
"0 Hele landet","Norskfødte med innvandrerforeldre","Pakistan",13963,14430,14844,15194,15615,15973,16455,16727,0.29,0.29,0.30,0.30,0.31,0.31,0.32,0.32
"0 Hele landet","Norskfødte med innvandrerforeldre","Palestina",237,313,396,464,539,610,716,780,0.00,0.01,0.01,0.01,0.01,0.01,0.01,0.01
"0 Hele landet","Norskfødte med innvandrerforeldre","Qatar",5,5,5,7,7,11,12,16,0.00,0.00,0.00,0.00,0.00,0.00,0.00,0.00
"0 Hele landet","Norskfødte med innvandrerforeldre","Saudi-Arabia",45,59,65,73,91,102,139,166,0.00,0.00,0.00,0.00,0.00,0.00,0.00,0.00
"0 Hele landet","Norskfødte med innvandrerforeldre","Singapore",33,33,36,38,39,39,41,40,0.00,0.00,0.00,0.00,0.00,0.00,0.00,0.00
"0 Hele landet","Norskfødte med innvandrerforeldre","Sri Lanka",5166,5318,5477,5648,5778,5921,6111,6199,0.11,0.11,0.11,0.11,0.11,0.11,0.12,0.12
"0 Hele landet","Norskfødte med innvandrerforeldre","Syria",606,666,740,811,897,986,1192,1462,0.01,0.01,0.01,0.02,0.02,0.02,0.02,0.03
"0 Hele landet","Norskfødte med innvandrerforeldre","Sør-Korea",56,56,63,69,74,84,95,95,0.00,0.00,0.00,0.00,0.00,0.00,0.00,0.00
"0 Hele landet","Norskfødte med innvandrerforeldre","Tadsjikistan",9,9,10,13,17,17,23,25,0.00,0.00,0.00,0.00,0.00,0.00,0.00,0.00
"0 Hele landet","Norskfødte med innvandrerforeldre","Taiwan",22,23,26,29,31,31,34,34,0.00,0.00,0.00,0.00,0.00,0.00,0.00,0.00
"0 Hele landet","Norskfødte med innvandrerforeldre","Thailand",396,441,516,595,672,759,806,890,0.01,0.01,0.01,0.01,0.01,0.01,0.02,0.02
"0 Hele landet","Norskfødte med innvandrerforeldre","Turkmenistan",12,10,13,14,16,16,19,19,0.00,0.00,0.00,0.00,0.00,0.00,0.00,0.00
"0 Hele landet","Norskfødte med innvandrerforeldre","Usbekistan",25,29,41,46,53,61,76,87,0.00,0.00,0.00,0.00,0.00,0.00,0.00,0.00
"0 Hele landet","Norskfødte med innvandrerforeldre","Vietnam",7208,7416,7649,7929,8141,8360,8755,8908,0.15,0.15,0.15,0.16,0.16,0.16,0.17,0.17
"0 Hele landet","Norskfødte med innvandrerforeldre","Øst-Timor",0,0,0,0,0,0,0,0,0.00,0.00,0.00,0.00,0.00,0.00,0.00,0.00
"0 Hele landet","Norskfødte med innvandrerforeldre","De amerikanske Jomfruøyene",0,0,0,0,0,0,0,0,0.00,0.00,0.00,0.00,0.00,0.00,0.00,0.00
"0 Hele landet","Norskfødte med innvandrerforeldre","Anguilla",0,0,0,0,0,0,0,0,0.00,0.00,0.00,0.00,0.00,0.00,0.00,0.00
"0 Hele landet","Norskfødte med innvandrerforeldre","Antigua og Barbuda",0,0,0,0,0,0,0,0,0.00,0.00,0.00,0.00,0.00,0.00,0.00,0.00
"0 Hele landet","Norskfødte med innvandrerforeldre","Aruba",0,0,0,0,0,0,0,0,0.00,0.00,0.00,0.00,0.00,0.00,0.00,0.00
"0 Hele landet","Norskfødte med innvandrerforeldre","Bahamas",0,0,0,0,0,0,0,0,0.00,0.00,0.00,0.00,0.00,0.00,0.00,0.00
"0 Hele landet","Norskfødte med innvandrerforeldre","Barbados",0,0,0,0,0,0,0,0,0.00,0.00,0.00,0.00,0.00,0.00,0.00,0.00
"0 Hele landet","Norskfødte med innvandrerforeldre","Belize",0,0,0,0,0,0,0,0,0.00,0.00,0.00,0.00,0.00,0.00,0.00,0.00
"0 Hele landet","Norskfødte med innvandrerforeldre","Bermuda",0,0,0,0,0,0,0,0,0.00,0.00,0.00,0.00,0.00,0.00,0.00,0.00
"0 Hele landet","Norskfødte med innvandrerforeldre","Bonaire, Sint Eustatius og Saba",0,0,0,0,0,0,0,0,0.00,0.00,0.00,0.00,0.00,0.00,0.00,0.00
"0 Hele landet","Norskfødte med innvandrerforeldre","De britiske Jomfruøyene",0,0,0,0,0,0,0,0,0.00,0.00,0.00,0.00,0.00,0.00,0.00,0.00
"0 Hele landet","Norskfødte med innvandrerforeldre","Canada",54,57,54,63,69,77,127,133,0.00,0.00,0.00,0.00,0.00,0.00,0.00,0.00
"0 Hele landet","Norskfødte med innvandrerforeldre","Caymanøyene",3,0,3,3,3,3,3,3,0.00,0.00,0.00,0.00,0.00,0.00,0.00,0.00
"0 Hele landet","Norskfødte med innvandrerforeldre","Costa Rica",6,4,3,3,6,7,7,8,0.00,0.00,0.00,0.00,0.00,0.00,0.00,0.00
"0 Hele landet","Norskfødte med innvandrerforeldre","Cuba",43,51,60,70,74,86,89,95,0.00,0.00,0.00,0.00,0.00,0.00,0.00,0.00
"0 Hele landet","Norskfødte med innvandrerforeldre","Curaçao",0,0,4,4,3,5,6,8,0.00,0.00,0.00,0.00,0.00,0.00,0.00,0.00
"0 Hele landet","Norskfødte med innvandrerforeldre","Dominica",9,9,9,9,9,9,12,13,0.00,0.00,0.00,0.00,0.00,0.00,0.00,0.00
"0 Hele landet","Norskfødte med innvandrerforeldre","Den dominikanske republikk",86,95,104,109,127,132,158,172,0.00,0.00,0.00,0.00,0.00,0.00,0.00,0.00
"0 Hele landet","Norskfødte med innvandrerforeldre","El Salvador",37,40,44,47,48,52,51,52,0.00,0.00,0.00,0.00,0.00,0.00,0.00,0.00
"0 Hele landet","Norskfødte med innvandrerforeldre","Franske Antiller",0,0,0,0,0,0,0,0,0.00,0.00,0.00,0.00,0.00,0.00,0.00,0.00
"0 Hele landet","Norskfødte med innvandrerforeldre","Grenada",0,3,0,0,3,3,3,3,0.00,0.00,0.00,0.00,0.00,0.00,0.00,0.00
"0 Hele landet","Norskfødte med innvandrerforeldre","Guadeloupe",0,0,0,0,0,0,0,0,0.00,0.00,0.00,0.00,0.00,0.00,0.00,0.00
"0 Hele landet","Norskfødte med innvandrerforeldre","Guatemala",12,13,13,15,16,18,21,21,0.00,0.00,0.00,0.00,0.00,0.00,0.00,0.00
"0 Hele landet","Norskfødte med innvandrerforeldre","Haiti",0,0,0,0,0,0,0,0,0.00,0.00,0.00,0.00,0.00,0.00,0.00,0.00
"0 Hele landet","Norskfødte med innvandrerforeldre","Honduras",18,18,18,18,17,18,22,22,0.00,0.00,0.00,0.00,0.00,0.00,0.00,0.00
"0 Hele landet","Norskfødte med innvandrerforeldre","Jamaica",9,12,11,13,15,16,16,18,0.00,0.00,0.00,0.00,0.00,0.00,0.00,0.00
"0 Hele landet","Norskfødte med innvandrerforeldre","Martinique",0,0,0,3,0,0,0,0,0.00,0.00,0.00,0.00,0.00,0.00,0.00,0.00
"0 Hele landet","Norskfødte med innvandrerforeldre","Mexico",34,42,43,52,57,68,81,91,0.00,0.00,0.00,0.00,0.00,0.00,0.00,0.00
"0 Hele landet","Norskfødte med innvandrerforeldre","Montserrat",0,3,0,0,0,0,0,0,0.00,0.00,0.00,0.00,0.00,0.00,0.00,0.00
"0 Hele landet","Norskfødte med innvandrerforeldre","De nederlandske antillene",4,4,0,0,0,0,0,0,0.00,0.00,0.00,0.00,0.00,0.00,0.00,0.00
"0 Hele landet","Norskfødte med innvandrerforeldre","Nicaragua",10,10,12,12,12,14,13,13,0.00,0.00,0.00,0.00,0.00,0.00,0.00,0.00
"0 Hele landet","Norskfødte med innvandrerforeldre","Panama",3,3,3,3,3,3,3,4,0.00,0.00,0.00,0.00,0.00,0.00,0.00,0.00
"0 Hele landet","Norskfødte med innvandrerforeldre","Puerto Rico",3,0,3,3,3,3,3,0,0.00,0.00,0.00,0.00,0.00,0.00,0.00,0.00
"0 Hele landet","Norskfødte med innvandrerforeldre","Saint Kitts og Nevis",0,0,0,0,0,0,0,0,0.00,0.00,0.00,0.00,0.00,0.00,0.00,0.00
"0 Hele landet","Norskfødte med innvandrerforeldre","Saint Lucia",3,3,3,3,3,0,3,3,0.00,0.00,0.00,0.00,0.00,0.00,0.00,0.00
"0 Hele landet","Norskfødte med innvandrerforeldre","Saint Vincent og Grenadinene",0,0,0,0,0,0,0,0,0.00,0.00,0.00,0.00,0.00,0.00,0.00,0.00
"0 Hele landet","Norskfødte med innvandrerforeldre","Saint-Barthélemy",0,0,0,0,0,0,0,0,0.00,0.00,0.00,0.00,0.00,0.00,0.00,0.00
"0 Hele landet","Norskfødte med innvandrerforeldre","Saint-Martin",0,0,0,0,0,0,0,0,0.00,0.00,0.00,0.00,0.00,0.00,0.00,0.00
"0 Hele landet","Norskfødte med innvandrerforeldre","Saint-Pierre-et-Miquelon",0,0,0,0,0,0,0,0,0.00,0.00,0.00,0.00,0.00,0.00,0.00,0.00
"0 Hele landet","Norskfødte med innvandrerforeldre","Sint Maarten",0,0,0,0,0,0,0,0,0.00,0.00,0.00,0.00,0.00,0.00,0.00,0.00
"0 Hele landet","Norskfødte med innvandrerforeldre","Trinidad og Tobago",8,8,8,9,10,11,13,12,0.00,0.00,0.00,0.00,0.00,0.00,0.00,0.00
"0 Hele landet","Norskfødte med innvandrerforeldre","Turks- og Caicosøyene",0,0,0,0,0,0,0,0,0.00,0.00,0.00,0.00,0.00,0.00,0.00,0.00
"0 Hele landet","Norskfødte med innvandrerforeldre","USA",293,291,298,322,351,353,674,673,0.01,0.01,0.01,0.01,0.01,0.01,0.01,0.01
"0 Hele landet","Norskfødte med innvandrerforeldre","Argentina",43,50,58,68,76,81,90,96,0.00,0.00,0.00,0.00,0.00,0.00,0.00,0.00
"0 Hele landet","Norskfødte med innvandrerforeldre","Bolivia",21,20,25,30,32,32,36,40,0.00,0.00,0.00,0.00,0.00,0.00,0.00,0.00
"0 Hele landet","Norskfødte med innvandrerforeldre","Brasil",86,104,126,138,170,209,219,244,0.00,0.00,0.00,0.00,0.00,0.00,0.00,0.00
"0 Hele landet","Norskfødte med innvandrerforeldre","Chile",1578,1610,1647,1667,1686,1715,1772,1789,0.03,0.03,0.03,0.03,0.03,0.03,0.03,0.03
"0 Hele landet","Norskfødte med innvandrerforeldre","Colombia",116,123,126,142,148,157,178,188,0.00,0.00,0.00,0.00,0.00,0.00,0.00,0.00
"0 Hele landet","Norskfødte med innvandrerforeldre","Ecuador",33,44,46,51,48,55,55,62,0.00,0.00,0.00,0.00,0.00,0.00,0.00,0.00
"0 Hele landet","Norskfødte med innvandrerforeldre","Falklandsøyene",3,3,3,0,0,0,3,3,0.00,0.00,0.00,0.00,0.00,0.00,0.00,0.00
"0 Hele landet","Norskfødte med innvandrerforeldre","Fransk Guyana",0,0,0,0,0,0,0,0,0.00,0.00,0.00,0.00,0.00,0.00,0.00,0.00
"0 Hele landet","Norskfødte med innvandrerforeldre","Guyana",4,4,4,6,6,6,6,6,0.00,0.00,0.00,0.00,0.00,0.00,0.00,0.00
"0 Hele landet","Norskfødte med innvandrerforeldre","Paraguay",4,4,4,4,6,6,8,9,0.00,0.00,0.00,0.00,0.00,0.00,0.00,0.00
"0 Hele landet","Norskfødte med innvandrerforeldre","Peru",101,110,113,118,132,143,146,143,0.00,0.00,0.00,0.00,0.00,0.00,0.00,0.00
"0 Hele landet","Norskfødte med innvandrerforeldre","Surinam",3,3,3,3,4,4,5,5,0.00,0.00,0.00,0.00,0.00,0.00,0.00,0.00
"0 Hele landet","Norskfødte med innvandrerforeldre","Uruguay",18,21,22,22,24,24,24,24,0.00,0.00,0.00,0.00,0.00,0.00,0.00,0.00
"0 Hele landet","Norskfødte med innvandrerforeldre","Venezuela",21,32,45,50,63,78,91,99,0.00,0.00,0.00,0.00,0.00,0.00,0.00,0.00
"0 Hele landet","Norskfødte med innvandrerforeldre","Amerikansk Samoa",0,0,0,0,0,0,0,0,0.00,0.00,0.00,0.00,0.00,0.00,0.00,0.00
"0 Hele landet","Norskfødte med innvandrerforeldre","Australia",23,27,24,31,38,46,53,55,0.00,0.00,0.00,0.00,0.00,0.00,0.00,0.00
"0 Hele landet","Norskfødte med innvandrerforeldre","Christmasøya",0,0,0,0,0,0,0,0,0.00,0.00,0.00,0.00,0.00,0.00,0.00,0.00
"0 Hele landet","Norskfødte med innvandrerforeldre","Cookøyene",0,0,0,0,0,0,0,0,0.00,0.00,0.00,0.00,0.00,0.00,0.00,0.00
"0 Hele landet","Norskfødte med innvandrerforeldre","Fiji",3,3,3,3,3,0,0,0,0.00,0.00,0.00,0.00,0.00,0.00,0.00,0.00
"0 Hele landet","Norskfødte med innvandrerforeldre","Fransk Polynesia",0,0,0,0,0,0,0,0,0.00,0.00,0.00,0.00,0.00,0.00,0.00,0.00
"0 Hele landet","Norskfødte med innvandrerforeldre","Guam",0,0,0,0,0,0,0,0,0.00,0.00,0.00,0.00,0.00,0.00,0.00,0.00
"0 Hele landet","Norskfødte med innvandrerforeldre","Kiribati",0,0,0,0,0,0,0,0,0.00,0.00,0.00,0.00,0.00,0.00,0.00,0.00
"0 Hele landet","Norskfødte med innvandrerforeldre","Kokosøyene",0,0,0,0,0,0,0,0,0.00,0.00,0.00,0.00,0.00,0.00,0.00,0.00
"0 Hele landet","Norskfødte med innvandrerforeldre","Marshalløyene",0,0,0,0,0,0,0,0,0.00,0.00,0.00,0.00,0.00,0.00,0.00,0.00
"0 Hele landet","Norskfødte med innvandrerforeldre","Mikronesiaføderasjonen",0,0,0,0,0,0,0,0,0.00,0.00,0.00,0.00,0.00,0.00,0.00,0.00
"0 Hele landet","Norskfødte med innvandrerforeldre","Mindre stillehavsøyer (am.)",0,0,0,0,0,0,0,0,0.00,0.00,0.00,0.00,0.00,0.00,0.00,0.00
"0 Hele landet","Norskfødte med innvandrerforeldre","Nauru",0,0,0,0,0,0,0,0,0.00,0.00,0.00,0.00,0.00,0.00,0.00,0.00
"0 Hele landet","Norskfødte med innvandrerforeldre","New Zealand",18,15,16,18,17,16,17,16,0.00,0.00,0.00,0.00,0.00,0.00,0.00,0.00
"0 Hele landet","Norskfødte med innvandrerforeldre","Niue",0,0,0,0,0,0,0,0,0.00,0.00,0.00,0.00,0.00,0.00,0.00,0.00
"0 Hele landet","Norskfødte med innvandrerforeldre","Nord-Marianene",0,0,0,0,0,0,0,0,0.00,0.00,0.00,0.00,0.00,0.00,0.00,0.00
"0 Hele landet","Norskfødte med innvandrerforeldre","Norfolkøya",0,0,0,0,0,0,0,0,0.00,0.00,0.00,0.00,0.00,0.00,0.00,0.00
"0 Hele landet","Norskfødte med innvandrerforeldre","Ny-Caledonia",0,0,0,0,0,0,0,0,0.00,0.00,0.00,0.00,0.00,0.00,0.00,0.00
"0 Hele landet","Norskfødte med innvandrerforeldre","Palau",0,0,0,0,0,0,0,0,0.00,0.00,0.00,0.00,0.00,0.00,0.00,0.00
"0 Hele landet","Norskfødte med innvandrerforeldre","Papua Ny-Guinea",0,0,0,0,0,0,0,0,0.00,0.00,0.00,0.00,0.00,0.00,0.00,0.00
"0 Hele landet","Norskfødte med innvandrerforeldre","Pitcairn",0,0,0,0,0,0,0,0,0.00,0.00,0.00,0.00,0.00,0.00,0.00,0.00
"0 Hele landet","Norskfødte med innvandrerforeldre","Salomonøyene",0,0,0,0,0,0,0,3,0.00,0.00,0.00,0.00,0.00,0.00,0.00,0.00
"0 Hele landet","Norskfødte med innvandrerforeldre","Samoa",0,0,0,0,0,0,0,0,0.00,0.00,0.00,0.00,0.00,0.00,0.00,0.00
"0 Hele landet","Norskfødte med innvandrerforeldre","Tokelau",0,0,0,0,0,0,0,0,0.00,0.00,0.00,0.00,0.00,0.00,0.00,0.00
"0 Hele landet","Norskfødte med innvandrerforeldre","Tonga",0,0,0,0,0,0,0,0,0.00,0.00,0.00,0.00,0.00,0.00,0.00,0.00
"0 Hele landet","Norskfødte med innvandrerforeldre","Tuvalu",0,0,0,0,0,0,0,0,0.00,0.00,0.00,0.00,0.00,0.00,0.00,0.00
"0 Hele landet","Norskfødte med innvandrerforeldre","Vanuatu",0,0,0,0,0,0,0,0,0.00,0.00,0.00,0.00,0.00,0.00,0.00,0.00
"0 Hele landet","Norskfødte med innvandrerforeldre","Wallis- og Futunaøyene",0,0,0,0,0,0,0,0,0.00,0.00,0.00,0.00,0.00,0.00,0.00,0.00
"0 Hele landet","Norskfødte med innvandrerforeldre","Statsløse",0,0,0,0,0,0,0,0,0.00,0.00,0.00,0.00,0.00,0.00,0.00,0.00
"0 Hele landet","Norskfødte med innvandrerforeldre","Uoppgitt",0,0,0,0,0,0,0,0,0.00,0.00,0.00,0.00,0.00,0.00,0.00,0.00
