"TIME","GEO","UNIT","PRODUCT","INDIC_NRG","Value","Flag and Footnotes"
"2006","European Union (28 countries)","Thousand tonnes of oil equivalent (TOE)","All products","Gross inland consumption","1,839,347.3",""
"2006","European Union (28 countries)","Terajoule","All products","Gross inland consumption","77,009,792",""
"2006","Euro area (19 countries)","Thousand tonnes of oil equivalent (TOE)","All products","Gross inland consumption","1,296,538.1",""
"2006","Euro area (19 countries)","Terajoule","All products","Gross inland consumption","54,283,456",""
"2006","Belgium","Thousand tonnes of oil equivalent (TOE)","All products","Gross inland consumption","58,050.8",""
"2006","Belgium","Terajoule","All products","Gross inland consumption","2,430,471",""
"2006","Bulgaria","Thousand tonnes of oil equivalent (TOE)","All products","Gross inland consumption","20,398.8",""
"2006","Bulgaria","Terajoule","All products","Gross inland consumption","854,057",""
"2006","Czech Republic","Thousand tonnes of oil equivalent (TOE)","All products","Gross inland consumption","46,596.0",""
"2006","Czech Republic","Terajoule","All products","Gross inland consumption","1,950,880",""
"2006","Denmark","Thousand tonnes of oil equivalent (TOE)","All products","Gross inland consumption","21,039.1",""
"2006","Denmark","Terajoule","All products","Gross inland consumption","880,865",""
"2006","Germany (until 1990 former territory of the FRG)","Thousand tonnes of oil equivalent (TOE)","All products","Gross inland consumption","351,600.3",""
"2006","Germany (until 1990 former territory of the FRG)","Terajoule","All products","Gross inland consumption","14,720,801",""
"2006","Estonia","Thousand tonnes of oil equivalent (TOE)","All products","Gross inland consumption","5,483.9",""
"2006","Estonia","Terajoule","All products","Gross inland consumption","229,602",""
"2006","Ireland","Thousand tonnes of oil equivalent (TOE)","All products","Gross inland consumption","15,610.5",""
"2006","Ireland","Terajoule","All products","Gross inland consumption","653,582",""
"2006","Greece","Thousand tonnes of oil equivalent (TOE)","All products","Gross inland consumption","31,584.7",""
"2006","Greece","Terajoule","All products","Gross inland consumption","1,322,389",""
"2006","Spain","Thousand tonnes of oil equivalent (TOE)","All products","Gross inland consumption","144,436.7",""
"2006","Spain","Terajoule","All products","Gross inland consumption","6,047,274",""
"2006","France","Thousand tonnes of oil equivalent (TOE)","All products","Gross inland consumption","272,466.5",""
"2006","France","Terajoule","All products","Gross inland consumption","11,407,627",""
"2006","Croatia","Thousand tonnes of oil equivalent (TOE)","All products","Gross inland consumption","9,715.3",""
"2006","Croatia","Terajoule","All products","Gross inland consumption","406,759",""
"2006","Italy","Thousand tonnes of oil equivalent (TOE)","All products","Gross inland consumption","188,252.3",""
"2006","Italy","Terajoule","All products","Gross inland consumption","7,881,749",""
"2006","Cyprus","Thousand tonnes of oil equivalent (TOE)","All products","Gross inland consumption","2,636.2",""
"2006","Cyprus","Terajoule","All products","Gross inland consumption","110,373",""
"2006","Latvia","Thousand tonnes of oil equivalent (TOE)","All products","Gross inland consumption","4,764.3",""
"2006","Latvia","Terajoule","All products","Gross inland consumption","199,472",""
"2006","Lithuania","Thousand tonnes of oil equivalent (TOE)","All products","Gross inland consumption","8,542.1",""
"2006","Lithuania","Terajoule","All products","Gross inland consumption","357,641",""
"2006","Luxembourg","Thousand tonnes of oil equivalent (TOE)","All products","Gross inland consumption","4,723.4",""
"2006","Luxembourg","Terajoule","All products","Gross inland consumption","197,761",""
"2006","Hungary","Thousand tonnes of oil equivalent (TOE)","All products","Gross inland consumption","27,458.8",""
"2006","Hungary","Terajoule","All products","Gross inland consumption","1,149,645",""
"2006","Malta","Thousand tonnes of oil equivalent (TOE)","All products","Gross inland consumption","912.9",""
"2006","Malta","Terajoule","All products","Gross inland consumption","38,222",""
"2006","Netherlands","Thousand tonnes of oil equivalent (TOE)","All products","Gross inland consumption","83,319.8",""
"2006","Netherlands","Terajoule","All products","Gross inland consumption","3,488,434",""
"2006","Austria","Thousand tonnes of oil equivalent (TOE)","All products","Gross inland consumption","34,258.2",""
"2006","Austria","Terajoule","All products","Gross inland consumption","1,434,320",""
"2006","Poland","Thousand tonnes of oil equivalent (TOE)","All products","Gross inland consumption","96,852.0",""
"2006","Poland","Terajoule","All products","Gross inland consumption","4,055,001",""
"2006","Portugal","Thousand tonnes of oil equivalent (TOE)","All products","Gross inland consumption","26,193.9",""
"2006","Portugal","Terajoule","All products","Gross inland consumption","1,096,686",""
"2006","Romania","Thousand tonnes of oil equivalent (TOE)","All products","Gross inland consumption","40,578.7",""
"2006","Romania","Terajoule","All products","Gross inland consumption","1,698,951",""
"2006","Slovenia","Thousand tonnes of oil equivalent (TOE)","All products","Gross inland consumption","7,327.7",""
"2006","Slovenia","Terajoule","All products","Gross inland consumption","306,798",""
"2006","Slovakia","Thousand tonnes of oil equivalent (TOE)","All products","Gross inland consumption","18,870.3",""
"2006","Slovakia","Terajoule","All products","Gross inland consumption","790,060",""
"2006","Finland","Thousand tonnes of oil equivalent (TOE)","All products","Gross inland consumption","37,503.4",""
"2006","Finland","Terajoule","All products","Gross inland consumption","1,570,193",""
"2006","Sweden","Thousand tonnes of oil equivalent (TOE)","All products","Gross inland consumption","49,579.3",""
"2006","Sweden","Terajoule","All products","Gross inland consumption","2,075,786",""
"2006","United Kingdom","Thousand tonnes of oil equivalent (TOE)","All products","Gross inland consumption","230,591.2",""
"2006","United Kingdom","Terajoule","All products","Gross inland consumption","9,654,392",""
"2006","Iceland","Thousand tonnes of oil equivalent (TOE)","All products","Gross inland consumption","4,191.3",""
"2006","Iceland","Terajoule","All products","Gross inland consumption","175,483",""
"2006","Norway","Thousand tonnes of oil equivalent (TOE)","All products","Gross inland consumption","27,607.9",""
"2006","Norway","Terajoule","All products","Gross inland consumption","1,155,888",""
"2006","Montenegro","Thousand tonnes of oil equivalent (TOE)","All products","Gross inland consumption","1,147.2",""
"2006","Montenegro","Terajoule","All products","Gross inland consumption","48,029",""
"2006","Former Yugoslav Republic of Macedonia, the","Thousand tonnes of oil equivalent (TOE)","All products","Gross inland consumption","2,896.8",""
"2006","Former Yugoslav Republic of Macedonia, the","Terajoule","All products","Gross inland consumption","121,284",""
"2006","Albania","Thousand tonnes of oil equivalent (TOE)","All products","Gross inland consumption","2,127.0",""
"2006","Albania","Terajoule","All products","Gross inland consumption","89,053",""
"2006","Serbia","Thousand tonnes of oil equivalent (TOE)","All products","Gross inland consumption","16,711.6",""
"2006","Serbia","Terajoule","All products","Gross inland consumption","699,680",""
"2006","Turkey","Thousand tonnes of oil equivalent (TOE)","All products","Gross inland consumption","94,266.9",""
"2006","Turkey","Terajoule","All products","Gross inland consumption","3,946,767",""
"2006","Bosnia and Herzegovina","Thousand tonnes of oil equivalent (TOE)","All products","Gross inland consumption","4,064.4","p"
"2006","Bosnia and Herzegovina","Terajoule","All products","Gross inland consumption","170,167","p"
"2006","Kosovo (under United Nations Security Council Resolution 1244/99)","Thousand tonnes of oil equivalent (TOE)","All products","Gross inland consumption","1,970.6",""
"2006","Kosovo (under United Nations Security Council Resolution 1244/99)","Terajoule","All products","Gross inland consumption","82,504",""
"2006","Moldova","Thousand tonnes of oil equivalent (TOE)","All products","Gross inland consumption","3,473.4","p"
"2006","Moldova","Terajoule","All products","Gross inland consumption","145,424","p"
"2006","Ukraine","Thousand tonnes of oil equivalent (TOE)","All products","Gross inland consumption","135,588.2",""
"2006","Ukraine","Terajoule","All products","Gross inland consumption","5,676,806",""
"2007","European Union (28 countries)","Thousand tonnes of oil equivalent (TOE)","All products","Gross inland consumption","1,809,931.7",""
"2007","European Union (28 countries)","Terajoule","All products","Gross inland consumption","75,778,221",""
"2007","Euro area (19 countries)","Thousand tonnes of oil equivalent (TOE)","All products","Gross inland consumption","1,276,582.4",""
"2007","Euro area (19 countries)","Terajoule","All products","Gross inland consumption","53,447,951",""
"2007","Belgium","Thousand tonnes of oil equivalent (TOE)","All products","Gross inland consumption","56,979.6",""
"2007","Belgium","Terajoule","All products","Gross inland consumption","2,385,623",""
"2007","Bulgaria","Thousand tonnes of oil equivalent (TOE)","All products","Gross inland consumption","20,036.9",""
"2007","Bulgaria","Terajoule","All products","Gross inland consumption","838,906",""
"2007","Czech Republic","Thousand tonnes of oil equivalent (TOE)","All products","Gross inland consumption","46,503.1",""
"2007","Czech Republic","Terajoule","All products","Gross inland consumption","1,946,991",""
"2007","Denmark","Thousand tonnes of oil equivalent (TOE)","All products","Gross inland consumption","20,516.4",""
"2007","Denmark","Terajoule","All products","Gross inland consumption","858,983",""
"2007","Germany (until 1990 former territory of the FRG)","Thousand tonnes of oil equivalent (TOE)","All products","Gross inland consumption","333,796.5",""
"2007","Germany (until 1990 former territory of the FRG)","Terajoule","All products","Gross inland consumption","13,975,390",""
"2007","Estonia","Thousand tonnes of oil equivalent (TOE)","All products","Gross inland consumption","6,145.7",""
"2007","Estonia","Terajoule","All products","Gross inland consumption","257,309",""
"2007","Ireland","Thousand tonnes of oil equivalent (TOE)","All products","Gross inland consumption","15,937.6",""
"2007","Ireland","Terajoule","All products","Gross inland consumption","667,277",""
"2007","Greece","Thousand tonnes of oil equivalent (TOE)","All products","Gross inland consumption","31,517.6",""
"2007","Greece","Terajoule","All products","Gross inland consumption","1,319,578",""
"2007","Spain","Thousand tonnes of oil equivalent (TOE)","All products","Gross inland consumption","146,284.3",""
"2007","Spain","Terajoule","All products","Gross inland consumption","6,124,630",""
"2007","France","Thousand tonnes of oil equivalent (TOE)","All products","Gross inland consumption","269,642.9",""
"2007","France","Terajoule","All products","Gross inland consumption","11,289,410",""
"2007","Croatia","Thousand tonnes of oil equivalent (TOE)","All products","Gross inland consumption","10,133.0",""
"2007","Croatia","Terajoule","All products","Gross inland consumption","424,250",""
"2007","Italy","Thousand tonnes of oil equivalent (TOE)","All products","Gross inland consumption","188,086.5",""
"2007","Italy","Terajoule","All products","Gross inland consumption","7,874,808",""
"2007","Cyprus","Thousand tonnes of oil equivalent (TOE)","All products","Gross inland consumption","2,752.9",""
"2007","Cyprus","Terajoule","All products","Gross inland consumption","115,260",""
"2007","Latvia","Thousand tonnes of oil equivalent (TOE)","All products","Gross inland consumption","4,886.1",""
"2007","Latvia","Terajoule","All products","Gross inland consumption","204,571",""
"2007","Lithuania","Thousand tonnes of oil equivalent (TOE)","All products","Gross inland consumption","9,302.9",""
"2007","Lithuania","Terajoule","All products","Gross inland consumption","389,493",""
"2007","Luxembourg","Thousand tonnes of oil equivalent (TOE)","All products","Gross inland consumption","4,631.1",""
"2007","Luxembourg","Terajoule","All products","Gross inland consumption","193,894",""
"2007","Hungary","Thousand tonnes of oil equivalent (TOE)","All products","Gross inland consumption","26,825.7",""
"2007","Hungary","Terajoule","All products","Gross inland consumption","1,123,140",""
"2007","Malta","Thousand tonnes of oil equivalent (TOE)","All products","Gross inland consumption","970.1",""
"2007","Malta","Terajoule","All products","Gross inland consumption","40,615",""
"2007","Netherlands","Thousand tonnes of oil equivalent (TOE)","All products","Gross inland consumption","83,182.6",""
"2007","Netherlands","Terajoule","All products","Gross inland consumption","3,482,688",""
"2007","Austria","Thousand tonnes of oil equivalent (TOE)","All products","Gross inland consumption","33,802.9",""
"2007","Austria","Terajoule","All products","Gross inland consumption","1,415,259",""
"2007","Poland","Thousand tonnes of oil equivalent (TOE)","All products","Gross inland consumption","96,801.8",""
"2007","Poland","Terajoule","All products","Gross inland consumption","4,052,897",""
"2007","Portugal","Thousand tonnes of oil equivalent (TOE)","All products","Gross inland consumption","26,175.2",""
"2007","Portugal","Terajoule","All products","Gross inland consumption","1,095,905",""
"2007","Romania","Thousand tonnes of oil equivalent (TOE)","All products","Gross inland consumption","40,411.5",""
"2007","Romania","Terajoule","All products","Gross inland consumption","1,691,947",""
"2007","Slovenia","Thousand tonnes of oil equivalent (TOE)","All products","Gross inland consumption","7,336.2",""
"2007","Slovenia","Terajoule","All products","Gross inland consumption","307,152",""
"2007","Slovakia","Thousand tonnes of oil equivalent (TOE)","All products","Gross inland consumption","17,854.8",""
"2007","Slovakia","Terajoule","All products","Gross inland consumption","747,543",""
"2007","Finland","Thousand tonnes of oil equivalent (TOE)","All products","Gross inland consumption","37,296.9",""
"2007","Finland","Terajoule","All products","Gross inland consumption","1,561,546",""
"2007","Sweden","Thousand tonnes of oil equivalent (TOE)","All products","Gross inland consumption","49,557.6",""
"2007","Sweden","Terajoule","All products","Gross inland consumption","2,074,877",""
"2007","United Kingdom","Thousand tonnes of oil equivalent (TOE)","All products","Gross inland consumption","222,563.3",""
"2007","United Kingdom","Terajoule","All products","Gross inland consumption","9,318,280",""
"2007","Iceland","Thousand tonnes of oil equivalent (TOE)","All products","Gross inland consumption","4,911.0",""
"2007","Iceland","Terajoule","All products","Gross inland consumption","205,614",""
"2007","Norway","Thousand tonnes of oil equivalent (TOE)","All products","Gross inland consumption","27,978.1",""
"2007","Norway","Terajoule","All products","Gross inland consumption","1,171,388",""
"2007","Montenegro","Thousand tonnes of oil equivalent (TOE)","All products","Gross inland consumption","1,136.4",""
"2007","Montenegro","Terajoule","All products","Gross inland consumption","47,578",""
"2007","Former Yugoslav Republic of Macedonia, the","Thousand tonnes of oil equivalent (TOE)","All products","Gross inland consumption","3,021.3",""
"2007","Former Yugoslav Republic of Macedonia, the","Terajoule","All products","Gross inland consumption","126,495",""
"2007","Albania","Thousand tonnes of oil equivalent (TOE)","All products","Gross inland consumption","2,015.4",""
"2007","Albania","Terajoule","All products","Gross inland consumption","84,382",""
"2007","Serbia","Thousand tonnes of oil equivalent (TOE)","All products","Gross inland consumption","16,510.0",""
"2007","Serbia","Terajoule","All products","Gross inland consumption","691,239",""
"2007","Turkey","Thousand tonnes of oil equivalent (TOE)","All products","Gross inland consumption","101,358.5",""
"2007","Turkey","Terajoule","All products","Gross inland consumption","4,243,678",""
"2007","Bosnia and Herzegovina","Thousand tonnes of oil equivalent (TOE)","All products","Gross inland consumption","3,988.9","p"
"2007","Bosnia and Herzegovina","Terajoule","All products","Gross inland consumption","167,007","p"
"2007","Kosovo (under United Nations Security Council Resolution 1244/99)","Thousand tonnes of oil equivalent (TOE)","All products","Gross inland consumption","2,049.3",""
"2007","Kosovo (under United Nations Security Council Resolution 1244/99)","Terajoule","All products","Gross inland consumption","85,800",""
"2007","Moldova","Thousand tonnes of oil equivalent (TOE)","All products","Gross inland consumption","3,396.7","p"
"2007","Moldova","Terajoule","All products","Gross inland consumption","142,213","p"
"2007","Ukraine","Thousand tonnes of oil equivalent (TOE)","All products","Gross inland consumption","138,862.6",""
"2007","Ukraine","Terajoule","All products","Gross inland consumption","5,813,901",""
"2008","European Union (28 countries)","Thousand tonnes of oil equivalent (TOE)","All products","Gross inland consumption","1,804,391.1",""
"2008","European Union (28 countries)","Terajoule","All products","Gross inland consumption","75,546,247",""
"2008","Euro area (19 countries)","Thousand tonnes of oil equivalent (TOE)","All products","Gross inland consumption","1,275,980.6",""
"2008","Euro area (19 countries)","Terajoule","All products","Gross inland consumption","53,422,758",""
"2008","Belgium","Thousand tonnes of oil equivalent (TOE)","All products","Gross inland consumption","59,244.1",""
"2008","Belgium","Terajoule","All products","Gross inland consumption","2,480,430",""
"2008","Bulgaria","Thousand tonnes of oil equivalent (TOE)","All products","Gross inland consumption","19,926.4",""
"2008","Bulgaria","Terajoule","All products","Gross inland consumption","834,277",""
"2008","Czech Republic","Thousand tonnes of oil equivalent (TOE)","All products","Gross inland consumption","45,598.5",""
"2008","Czech Republic","Terajoule","All products","Gross inland consumption","1,909,118",""
"2008","Denmark","Thousand tonnes of oil equivalent (TOE)","All products","Gross inland consumption","19,678.1",""
"2008","Denmark","Terajoule","All products","Gross inland consumption","823,883",""
"2008","Germany (until 1990 former territory of the FRG)","Thousand tonnes of oil equivalent (TOE)","All products","Gross inland consumption","337,194.6",""
"2008","Germany (until 1990 former territory of the FRG)","Terajoule","All products","Gross inland consumption","14,117,662",""
"2008","Estonia","Thousand tonnes of oil equivalent (TOE)","All products","Gross inland consumption","5,943.8",""
"2008","Estonia","Terajoule","All products","Gross inland consumption","248,855",""
"2008","Ireland","Thousand tonnes of oil equivalent (TOE)","All products","Gross inland consumption","15,710.6",""
"2008","Ireland","Terajoule","All products","Gross inland consumption","657,772",""
"2008","Greece","Thousand tonnes of oil equivalent (TOE)","All products","Gross inland consumption","31,836.4",""
"2008","Greece","Terajoule","All products","Gross inland consumption","1,332,927",""
"2008","Spain","Thousand tonnes of oil equivalent (TOE)","All products","Gross inland consumption","141,778.9",""
"2008","Spain","Terajoule","All products","Gross inland consumption","5,935,999",""
"2008","France","Thousand tonnes of oil equivalent (TOE)","All products","Gross inland consumption","271,004.0",""
"2008","France","Terajoule","All products","Gross inland consumption","11,346,397",""
"2008","Croatia","Thousand tonnes of oil equivalent (TOE)","All products","Gross inland consumption","9,857.2",""
"2008","Croatia","Terajoule","All products","Gross inland consumption","412,702",""
"2008","Italy","Thousand tonnes of oil equivalent (TOE)","All products","Gross inland consumption","186,337.1",""
"2008","Italy","Terajoule","All products","Gross inland consumption","7,801,562",""
"2008","Cyprus","Thousand tonnes of oil equivalent (TOE)","All products","Gross inland consumption","2,897.2",""
"2008","Cyprus","Terajoule","All products","Gross inland consumption","121,301",""
"2008","Latvia","Thousand tonnes of oil equivalent (TOE)","All products","Gross inland consumption","4,694.4",""
"2008","Latvia","Terajoule","All products","Gross inland consumption","196,543",""
"2008","Lithuania","Thousand tonnes of oil equivalent (TOE)","All products","Gross inland consumption","9,278.5",""
"2008","Lithuania","Terajoule","All products","Gross inland consumption","388,473",""
"2008","Luxembourg","Thousand tonnes of oil equivalent (TOE)","All products","Gross inland consumption","4,631.6",""
"2008","Luxembourg","Terajoule","All products","Gross inland consumption","193,915",""
"2008","Hungary","Thousand tonnes of oil equivalent (TOE)","All products","Gross inland consumption","26,629.6",""
"2008","Hungary","Terajoule","All products","Gross inland consumption","1,114,930",""
"2008","Malta","Thousand tonnes of oil equivalent (TOE)","All products","Gross inland consumption","967.7",""
"2008","Malta","Terajoule","All products","Gross inland consumption","40,517",""
"2008","Netherlands","Thousand tonnes of oil equivalent (TOE)","All products","Gross inland consumption","82,941.0",""
"2008","Netherlands","Terajoule","All products","Gross inland consumption","3,472,572",""
"2008","Austria","Thousand tonnes of oil equivalent (TOE)","All products","Gross inland consumption","34,074.9",""
"2008","Austria","Terajoule","All products","Gross inland consumption","1,426,647",""
"2008","Poland","Thousand tonnes of oil equivalent (TOE)","All products","Gross inland consumption","97,893.2",""
"2008","Poland","Terajoule","All products","Gross inland consumption","4,098,591",""
"2008","Portugal","Thousand tonnes of oil equivalent (TOE)","All products","Gross inland consumption","25,414.2",""
"2008","Portugal","Terajoule","All products","Gross inland consumption","1,064,044",""
"2008","Romania","Thousand tonnes of oil equivalent (TOE)","All products","Gross inland consumption","40,276.6",""
"2008","Romania","Terajoule","All products","Gross inland consumption","1,686,301",""
"2008","Slovenia","Thousand tonnes of oil equivalent (TOE)","All products","Gross inland consumption","7,756.2",""
"2008","Slovenia","Terajoule","All products","Gross inland consumption","324,735",""
"2008","Slovakia","Thousand tonnes of oil equivalent (TOE)","All products","Gross inland consumption","18,297.6",""
"2008","Slovakia","Terajoule","All products","Gross inland consumption","766,084",""
"2008","Finland","Thousand tonnes of oil equivalent (TOE)","All products","Gross inland consumption","35,977.9",""
"2008","Finland","Terajoule","All products","Gross inland consumption","1,506,322",""
"2008","Sweden","Thousand tonnes of oil equivalent (TOE)","All products","Gross inland consumption","49,306.4",""
"2008","Sweden","Terajoule","All products","Gross inland consumption","2,064,362",""
"2008","United Kingdom","Thousand tonnes of oil equivalent (TOE)","All products","Gross inland consumption","219,244.4",""
"2008","United Kingdom","Terajoule","All products","Gross inland consumption","9,179,325",""
"2008","Iceland","Thousand tonnes of oil equivalent (TOE)","All products","Gross inland consumption","5,654.1",""
"2008","Iceland","Terajoule","All products","Gross inland consumption","236,728",""
"2008","Norway","Thousand tonnes of oil equivalent (TOE)","All products","Gross inland consumption","32,582.9",""
"2008","Norway","Terajoule","All products","Gross inland consumption","1,364,179",""
"2008","Montenegro","Thousand tonnes of oil equivalent (TOE)","All products","Gross inland consumption","1,226.0",""
"2008","Montenegro","Terajoule","All products","Gross inland consumption","51,331",""
"2008","Former Yugoslav Republic of Macedonia, the","Thousand tonnes of oil equivalent (TOE)","All products","Gross inland consumption","2,963.4",""
"2008","Former Yugoslav Republic of Macedonia, the","Terajoule","All products","Gross inland consumption","124,073",""
"2008","Albania","Thousand tonnes of oil equivalent (TOE)","All products","Gross inland consumption","2,095.9",""
"2008","Albania","Terajoule","All products","Gross inland consumption","87,750",""
"2008","Serbia","Thousand tonnes of oil equivalent (TOE)","All products","Gross inland consumption","16,699.6",""
"2008","Serbia","Terajoule","All products","Gross inland consumption","699,179",""
"2008","Turkey","Thousand tonnes of oil equivalent (TOE)","All products","Gross inland consumption","100,181.2",""
"2008","Turkey","Terajoule","All products","Gross inland consumption","4,194,387",""
"2008","Bosnia and Herzegovina","Thousand tonnes of oil equivalent (TOE)","All products","Gross inland consumption","4,448.6","p"
"2008","Bosnia and Herzegovina","Terajoule","All products","Gross inland consumption","186,255","p"
"2008","Kosovo (under United Nations Security Council Resolution 1244/99)","Thousand tonnes of oil equivalent (TOE)","All products","Gross inland consumption","2,219.3",""
"2008","Kosovo (under United Nations Security Council Resolution 1244/99)","Terajoule","All products","Gross inland consumption","92,919",""
"2008","Moldova","Thousand tonnes of oil equivalent (TOE)","All products","Gross inland consumption","3,383.1","p"
"2008","Moldova","Terajoule","All products","Gross inland consumption","141,645","p"
"2008","Ukraine","Thousand tonnes of oil equivalent (TOE)","All products","Gross inland consumption","135,027.5",""
"2008","Ukraine","Terajoule","All products","Gross inland consumption","5,653,330",""
"2009","European Union (28 countries)","Thousand tonnes of oil equivalent (TOE)","All products","Gross inland consumption","1,699,956.4",""
"2009","European Union (28 countries)","Terajoule","All products","Gross inland consumption","71,173,773",""
"2009","Euro area (19 countries)","Thousand tonnes of oil equivalent (TOE)","All products","Gross inland consumption","1,203,856.2",""
"2009","Euro area (19 countries)","Terajoule","All products","Gross inland consumption","50,403,050",""
"2009","Belgium","Thousand tonnes of oil equivalent (TOE)","All products","Gross inland consumption","56,631.1",""
"2009","Belgium","Terajoule","All products","Gross inland consumption","2,371,033",""
"2009","Bulgaria","Thousand tonnes of oil equivalent (TOE)","All products","Gross inland consumption","17,503.9",""
"2009","Bulgaria","Terajoule","All products","Gross inland consumption","732,855",""
"2009","Czech Republic","Thousand tonnes of oil equivalent (TOE)","All products","Gross inland consumption","42,897.8",""
"2009","Czech Republic","Terajoule","All products","Gross inland consumption","1,796,045",""
"2009","Denmark","Thousand tonnes of oil equivalent (TOE)","All products","Gross inland consumption","18,910.0",""
"2009","Denmark","Terajoule","All products","Gross inland consumption","791,726",""
"2009","Germany (until 1990 former territory of the FRG)","Thousand tonnes of oil equivalent (TOE)","All products","Gross inland consumption","316,485.4",""
"2009","Germany (until 1990 former territory of the FRG)","Terajoule","All products","Gross inland consumption","13,250,611",""
"2009","Estonia","Thousand tonnes of oil equivalent (TOE)","All products","Gross inland consumption","5,353.4",""
"2009","Estonia","Terajoule","All products","Gross inland consumption","224,138",""
"2009","Ireland","Thousand tonnes of oil equivalent (TOE)","All products","Gross inland consumption","14,838.5",""
"2009","Ireland","Terajoule","All products","Gross inland consumption","621,260",""
"2009","Greece","Thousand tonnes of oil equivalent (TOE)","All products","Gross inland consumption","30,467.5",""
"2009","Greece","Terajoule","All products","Gross inland consumption","1,275,612",""
"2009","Spain","Thousand tonnes of oil equivalent (TOE)","All products","Gross inland consumption","130,526.5",""
"2009","Spain","Terajoule","All products","Gross inland consumption","5,464,882",""
"2009","France","Thousand tonnes of oil equivalent (TOE)","All products","Gross inland consumption","259,064.4",""
"2009","France","Terajoule","All products","Gross inland consumption","10,846,509",""
"2009","Croatia","Thousand tonnes of oil equivalent (TOE)","All products","Gross inland consumption","9,526.5",""
"2009","Croatia","Terajoule","All products","Gross inland consumption","398,856",""
"2009","Italy","Thousand tonnes of oil equivalent (TOE)","All products","Gross inland consumption","173,731.5",""
"2009","Italy","Terajoule","All products","Gross inland consumption","7,273,790",""
"2009","Cyprus","Thousand tonnes of oil equivalent (TOE)","All products","Gross inland consumption","2,817.4",""
"2009","Cyprus","Terajoule","All products","Gross inland consumption","117,959",""
"2009","Latvia","Thousand tonnes of oil equivalent (TOE)","All products","Gross inland consumption","4,509.4",""
"2009","Latvia","Terajoule","All products","Gross inland consumption","188,799",""
"2009","Lithuania","Thousand tonnes of oil equivalent (TOE)","All products","Gross inland consumption","8,473.8",""
"2009","Lithuania","Terajoule","All products","Gross inland consumption","354,780",""
"2009","Luxembourg","Thousand tonnes of oil equivalent (TOE)","All products","Gross inland consumption","4,364.3",""
"2009","Luxembourg","Terajoule","All products","Gross inland consumption","182,724",""
"2009","Hungary","Thousand tonnes of oil equivalent (TOE)","All products","Gross inland consumption","25,134.2",""
"2009","Hungary","Terajoule","All products","Gross inland consumption","1,052,319",""
"2009","Malta","Thousand tonnes of oil equivalent (TOE)","All products","Gross inland consumption","870.4",""
"2009","Malta","Terajoule","All products","Gross inland consumption","36,441",""
"2009","Netherlands","Thousand tonnes of oil equivalent (TOE)","All products","Gross inland consumption","80,680.6",""
"2009","Netherlands","Terajoule","All products","Gross inland consumption","3,377,933",""
"2009","Austria","Thousand tonnes of oil equivalent (TOE)","All products","Gross inland consumption","32,137.2",""
"2009","Austria","Terajoule","All products","Gross inland consumption","1,345,522",""
"2009","Poland","Thousand tonnes of oil equivalent (TOE)","All products","Gross inland consumption","94,490.6",""
"2009","Poland","Terajoule","All products","Gross inland consumption","3,956,133",""
"2009","Portugal","Thousand tonnes of oil equivalent (TOE)","All products","Gross inland consumption","25,067.9",""
"2009","Portugal","Terajoule","All products","Gross inland consumption","1,049,542",""
"2009","Romania","Thousand tonnes of oil equivalent (TOE)","All products","Gross inland consumption","35,554.7",""
"2009","Romania","Terajoule","All products","Gross inland consumption","1,488,606",""
"2009","Slovenia","Thousand tonnes of oil equivalent (TOE)","All products","Gross inland consumption","7,151.0",""
"2009","Slovenia","Terajoule","All products","Gross inland consumption","299,397",""
"2009","Slovakia","Thousand tonnes of oil equivalent (TOE)","All products","Gross inland consumption","16,770.1",""
"2009","Slovakia","Terajoule","All products","Gross inland consumption","702,132",""
"2009","Finland","Thousand tonnes of oil equivalent (TOE)","All products","Gross inland consumption","33,915.8",""
"2009","Finland","Terajoule","All products","Gross inland consumption","1,419,987",""
"2009","Sweden","Thousand tonnes of oil equivalent (TOE)","All products","Gross inland consumption","45,454.2",""
"2009","Sweden","Terajoule","All products","Gross inland consumption","1,903,075",""
"2009","United Kingdom","Thousand tonnes of oil equivalent (TOE)","All products","Gross inland consumption","206,628.2",""
"2009","United Kingdom","Terajoule","All products","Gross inland consumption","8,651,110",""
"2009","Iceland","Thousand tonnes of oil equivalent (TOE)","All products","Gross inland consumption","5,832.1",""
"2009","Iceland","Terajoule","All products","Gross inland consumption","244,177",""
"2009","Norway","Thousand tonnes of oil equivalent (TOE)","All products","Gross inland consumption","31,668.0",""
"2009","Norway","Terajoule","All products","Gross inland consumption","1,325,876",""
"2009","Montenegro","Thousand tonnes of oil equivalent (TOE)","All products","Gross inland consumption","962.3",""
"2009","Montenegro","Terajoule","All products","Gross inland consumption","40,291",""
"2009","Former Yugoslav Republic of Macedonia, the","Thousand tonnes of oil equivalent (TOE)","All products","Gross inland consumption","2,759.9",""
"2009","Former Yugoslav Republic of Macedonia, the","Terajoule","All products","Gross inland consumption","115,550",""
"2009","Albania","Thousand tonnes of oil equivalent (TOE)","All products","Gross inland consumption","2,149.1",""
"2009","Albania","Terajoule","All products","Gross inland consumption","89,979",""
"2009","Serbia","Thousand tonnes of oil equivalent (TOE)","All products","Gross inland consumption","15,212.8",""
"2009","Serbia","Terajoule","All products","Gross inland consumption","636,929",""
"2009","Turkey","Thousand tonnes of oil equivalent (TOE)","All products","Gross inland consumption","100,029.1",""
"2009","Turkey","Terajoule","All products","Gross inland consumption","4,188,018",""
"2009","Bosnia and Herzegovina","Thousand tonnes of oil equivalent (TOE)","All products","Gross inland consumption","4,516.3","p"
"2009","Bosnia and Herzegovina","Terajoule","All products","Gross inland consumption","189,087","p"
"2009","Kosovo (under United Nations Security Council Resolution 1244/99)","Thousand tonnes of oil equivalent (TOE)","All products","Gross inland consumption","2,458.5",""
"2009","Kosovo (under United Nations Security Council Resolution 1244/99)","Terajoule","All products","Gross inland consumption","102,931",""
"2009","Moldova","Thousand tonnes of oil equivalent (TOE)","All products","Gross inland consumption","3,216.2","p"
"2009","Moldova","Terajoule","All products","Gross inland consumption","134,658","p"
"2009","Ukraine","Thousand tonnes of oil equivalent (TOE)","All products","Gross inland consumption","114,424.1",""
"2009","Ukraine","Terajoule","All products","Gross inland consumption","4,790,709",""
"2010","European Union (28 countries)","Thousand tonnes of oil equivalent (TOE)","All products","Gross inland consumption","1,764,365.3",""
"2010","European Union (28 countries)","Terajoule","All products","Gross inland consumption","73,870,447",""
"2010","Euro area (19 countries)","Thousand tonnes of oil equivalent (TOE)","All products","Gross inland consumption","1,244,881.6",""
"2010","Euro area (19 countries)","Terajoule","All products","Gross inland consumption","52,120,701",""
"2010","Belgium","Thousand tonnes of oil equivalent (TOE)","All products","Gross inland consumption","60,902.0",""
"2010","Belgium","Terajoule","All products","Gross inland consumption","2,549,847",""
"2010","Bulgaria","Thousand tonnes of oil equivalent (TOE)","All products","Gross inland consumption","17,774.1",""
"2010","Bulgaria","Terajoule","All products","Gross inland consumption","744,166",""
"2010","Czech Republic","Thousand tonnes of oil equivalent (TOE)","All products","Gross inland consumption","45,428.6",""
"2010","Czech Republic","Terajoule","All products","Gross inland consumption","1,902,005",""
"2010","Denmark","Thousand tonnes of oil equivalent (TOE)","All products","Gross inland consumption","20,044.1",""
"2010","Denmark","Terajoule","All products","Gross inland consumption","839,207",""
"2010","Germany (until 1990 former territory of the FRG)","Thousand tonnes of oil equivalent (TOE)","All products","Gross inland consumption","332,486.9",""
"2010","Germany (until 1990 former territory of the FRG)","Terajoule","All products","Gross inland consumption","13,920,560",""
"2010","Estonia","Thousand tonnes of oil equivalent (TOE)","All products","Gross inland consumption","6,150.1",""
"2010","Estonia","Terajoule","All products","Gross inland consumption","257,493",""
"2010","Ireland","Thousand tonnes of oil equivalent (TOE)","All products","Gross inland consumption","15,166.3",""
"2010","Ireland","Terajoule","All products","Gross inland consumption","634,984",""
"2010","Greece","Thousand tonnes of oil equivalent (TOE)","All products","Gross inland consumption","28,718.3",""
"2010","Greece","Terajoule","All products","Gross inland consumption","1,202,380",""
"2010","Spain","Thousand tonnes of oil equivalent (TOE)","All products","Gross inland consumption","130,253.3",""
"2010","Spain","Terajoule","All products","Gross inland consumption","5,453,446",""
"2010","France","Thousand tonnes of oil equivalent (TOE)","All products","Gross inland consumption","266,889.3",""
"2010","France","Terajoule","All products","Gross inland consumption","11,174,123",""
"2010","Croatia","Thousand tonnes of oil equivalent (TOE)","All products","Gross inland consumption","9,426.8",""
"2010","Croatia","Terajoule","All products","Gross inland consumption","394,682",""
"2010","Italy","Thousand tonnes of oil equivalent (TOE)","All products","Gross inland consumption","177,925.4",""
"2010","Italy","Terajoule","All products","Gross inland consumption","7,449,381",""
"2010","Cyprus","Thousand tonnes of oil equivalent (TOE)","All products","Gross inland consumption","2,739.6",""
"2010","Cyprus","Terajoule","All products","Gross inland consumption","114,700",""
"2010","Latvia","Thousand tonnes of oil equivalent (TOE)","All products","Gross inland consumption","4,629.3",""
"2010","Latvia","Terajoule","All products","Gross inland consumption","193,822",""
"2010","Lithuania","Thousand tonnes of oil equivalent (TOE)","All products","Gross inland consumption","6,787.5",""
"2010","Lithuania","Terajoule","All products","Gross inland consumption","284,178",""
"2010","Luxembourg","Thousand tonnes of oil equivalent (TOE)","All products","Gross inland consumption","4,640.9",""
"2010","Luxembourg","Terajoule","All products","Gross inland consumption","194,304",""
"2010","Hungary","Thousand tonnes of oil equivalent (TOE)","All products","Gross inland consumption","26,599.1",""
"2010","Hungary","Terajoule","All products","Gross inland consumption","1,113,651",""
"2010","Malta","Thousand tonnes of oil equivalent (TOE)","All products","Gross inland consumption","938.5",""
"2010","Malta","Terajoule","All products","Gross inland consumption","39,294",""
"2010","Netherlands","Thousand tonnes of oil equivalent (TOE)","All products","Gross inland consumption","85,783.2",""
"2010","Netherlands","Terajoule","All products","Gross inland consumption","3,591,572",""
"2010","Austria","Thousand tonnes of oil equivalent (TOE)","All products","Gross inland consumption","34,292.0",""
"2010","Austria","Terajoule","All products","Gross inland consumption","1,435,738",""
"2010","Poland","Thousand tonnes of oil equivalent (TOE)","All products","Gross inland consumption","100,679.7",""
"2010","Poland","Terajoule","All products","Gross inland consumption","4,215,256",""
"2010","Portugal","Thousand tonnes of oil equivalent (TOE)","All products","Gross inland consumption","24,282.4",""
"2010","Portugal","Terajoule","All products","Gross inland consumption","1,016,655",""
"2010","Romania","Thousand tonnes of oil equivalent (TOE)","All products","Gross inland consumption","35,799.6",""
"2010","Romania","Terajoule","All products","Gross inland consumption","1,498,857",""
"2010","Slovenia","Thousand tonnes of oil equivalent (TOE)","All products","Gross inland consumption","7,336.8",""
"2010","Slovenia","Terajoule","All products","Gross inland consumption","307,178",""
"2010","Slovakia","Thousand tonnes of oil equivalent (TOE)","All products","Gross inland consumption","17,854.9",""
"2010","Slovakia","Terajoule","All products","Gross inland consumption","747,550",""
"2010","Finland","Thousand tonnes of oil equivalent (TOE)","All products","Gross inland consumption","37,104.6",""
"2010","Finland","Terajoule","All products","Gross inland consumption","1,553,496",""
"2010","Sweden","Thousand tonnes of oil equivalent (TOE)","All products","Gross inland consumption","50,783.1",""
"2010","Sweden","Terajoule","All products","Gross inland consumption","2,126,187",""
"2010","United Kingdom","Thousand tonnes of oil equivalent (TOE)","All products","Gross inland consumption","212,948.7",""
"2010","United Kingdom","Terajoule","All products","Gross inland consumption","8,915,735",""
"2010","Iceland","Thousand tonnes of oil equivalent (TOE)","All products","Gross inland consumption","5,860.9",""
"2010","Iceland","Terajoule","All products","Gross inland consumption","245,386",""
"2010","Norway","Thousand tonnes of oil equivalent (TOE)","All products","Gross inland consumption","34,331.7",""
"2010","Norway","Terajoule","All products","Gross inland consumption","1,437,400",""
"2010","Montenegro","Thousand tonnes of oil equivalent (TOE)","All products","Gross inland consumption","1,128.3",""
"2010","Montenegro","Terajoule","All products","Gross inland consumption","47,239",""
"2010","Former Yugoslav Republic of Macedonia, the","Thousand tonnes of oil equivalent (TOE)","All products","Gross inland consumption","2,824.7",""
"2010","Former Yugoslav Republic of Macedonia, the","Terajoule","All products","Gross inland consumption","118,264",""
"2010","Albania","Thousand tonnes of oil equivalent (TOE)","All products","Gross inland consumption","2,142.1",""
"2010","Albania","Terajoule","All products","Gross inland consumption","89,684",""
"2010","Serbia","Thousand tonnes of oil equivalent (TOE)","All products","Gross inland consumption","15,591.9",""
"2010","Serbia","Terajoule","All products","Gross inland consumption","652,801",""
"2010","Turkey","Thousand tonnes of oil equivalent (TOE)","All products","Gross inland consumption","106,861.5",""
"2010","Turkey","Terajoule","All products","Gross inland consumption","4,474,077",""
"2010","Bosnia and Herzegovina","Thousand tonnes of oil equivalent (TOE)","All products","Gross inland consumption","4,745.1","p"
"2010","Bosnia and Herzegovina","Terajoule","All products","Gross inland consumption","198,667","p"
"2010","Kosovo (under United Nations Security Council Resolution 1244/99)","Thousand tonnes of oil equivalent (TOE)","All products","Gross inland consumption","2,516.5",""
"2010","Kosovo (under United Nations Security Council Resolution 1244/99)","Terajoule","All products","Gross inland consumption","105,360",""
"2010","Moldova","Thousand tonnes of oil equivalent (TOE)","All products","Gross inland consumption","3,547.4","p"
"2010","Moldova","Terajoule","All products","Gross inland consumption","148,524","p"
"2010","Ukraine","Thousand tonnes of oil equivalent (TOE)","All products","Gross inland consumption","132,594.4",""
"2010","Ukraine","Terajoule","All products","Gross inland consumption","5,551,462",""
"2011","European Union (28 countries)","Thousand tonnes of oil equivalent (TOE)","All products","Gross inland consumption","1,698,946.8",""
"2011","European Union (28 countries)","Terajoule","All products","Gross inland consumption","71,131,505",""
"2011","Euro area (19 countries)","Thousand tonnes of oil equivalent (TOE)","All products","Gross inland consumption","1,196,631.8",""
"2011","Euro area (19 countries)","Terajoule","All products","Gross inland consumption","50,100,578",""
"2011","Belgium","Thousand tonnes of oil equivalent (TOE)","All products","Gross inland consumption","56,974.9",""
"2011","Belgium","Terajoule","All products","Gross inland consumption","2,385,425",""
"2011","Bulgaria","Thousand tonnes of oil equivalent (TOE)","All products","Gross inland consumption","19,095.4",""
"2011","Bulgaria","Terajoule","All products","Gross inland consumption","799,486",""
"2011","Czech Republic","Thousand tonnes of oil equivalent (TOE)","All products","Gross inland consumption","43,785.8",""
"2011","Czech Republic","Terajoule","All products","Gross inland consumption","1,833,224",""
"2011","Denmark","Thousand tonnes of oil equivalent (TOE)","All products","Gross inland consumption","18,603.0",""
"2011","Denmark","Terajoule","All products","Gross inland consumption","778,869",""
"2011","Germany (until 1990 former territory of the FRG)","Thousand tonnes of oil equivalent (TOE)","All products","Gross inland consumption","315,814.6",""
"2011","Germany (until 1990 former territory of the FRG)","Terajoule","All products","Gross inland consumption","13,222,526",""
"2011","Estonia","Thousand tonnes of oil equivalent (TOE)","All products","Gross inland consumption","6,181.6",""
"2011","Estonia","Terajoule","All products","Gross inland consumption","258,813",""
"2011","Ireland","Thousand tonnes of oil equivalent (TOE)","All products","Gross inland consumption","13,858.3",""
"2011","Ireland","Terajoule","All products","Gross inland consumption","580,221",""
"2011","Greece","Thousand tonnes of oil equivalent (TOE)","All products","Gross inland consumption","27,783.4",""
"2011","Greece","Terajoule","All products","Gross inland consumption","1,163,235",""
"2011","Spain","Thousand tonnes of oil equivalent (TOE)","All products","Gross inland consumption","128,496.3",""
"2011","Spain","Terajoule","All products","Gross inland consumption","5,379,883",""
"2011","France","Thousand tonnes of oil equivalent (TOE)","All products","Gross inland consumption","257,800.7",""
"2011","France","Terajoule","All products","Gross inland consumption","10,793,600",""
"2011","Croatia","Thousand tonnes of oil equivalent (TOE)","All products","Gross inland consumption","9,301.4",""
"2011","Croatia","Terajoule","All products","Gross inland consumption","389,431",""
"2011","Italy","Thousand tonnes of oil equivalent (TOE)","All products","Gross inland consumption","172,477.7",""
"2011","Italy","Terajoule","All products","Gross inland consumption","7,221,298",""
"2011","Cyprus","Thousand tonnes of oil equivalent (TOE)","All products","Gross inland consumption","2,690.1",""
"2011","Cyprus","Terajoule","All products","Gross inland consumption","112,629",""
"2011","Latvia","Thousand tonnes of oil equivalent (TOE)","All products","Gross inland consumption","4,376.4",""
"2011","Latvia","Terajoule","All products","Gross inland consumption","183,230",""
"2011","Lithuania","Thousand tonnes of oil equivalent (TOE)","All products","Gross inland consumption","7,008.4",""
"2011","Lithuania","Terajoule","All products","Gross inland consumption","293,428",""
"2011","Luxembourg","Thousand tonnes of oil equivalent (TOE)","All products","Gross inland consumption","4,566.4",""
"2011","Luxembourg","Terajoule","All products","Gross inland consumption","191,188",""
"2011","Hungary","Thousand tonnes of oil equivalent (TOE)","All products","Gross inland consumption","26,046.7",""
"2011","Hungary","Terajoule","All products","Gross inland consumption","1,090,523",""
"2011","Malta","Thousand tonnes of oil equivalent (TOE)","All products","Gross inland consumption","936.6",""
"2011","Malta","Terajoule","All products","Gross inland consumption","39,215",""
"2011","Netherlands","Thousand tonnes of oil equivalent (TOE)","All products","Gross inland consumption","80,212.7",""
"2011","Netherlands","Terajoule","All products","Gross inland consumption","3,358,345",""
"2011","Austria","Thousand tonnes of oil equivalent (TOE)","All products","Gross inland consumption","33,281.3",""
"2011","Austria","Terajoule","All products","Gross inland consumption","1,393,422",""
"2011","Poland","Thousand tonnes of oil equivalent (TOE)","All products","Gross inland consumption","100,818.8",""
"2011","Poland","Terajoule","All products","Gross inland consumption","4,221,081",""
"2011","Portugal","Thousand tonnes of oil equivalent (TOE)","All products","Gross inland consumption","23,626.2",""
"2011","Portugal","Terajoule","All products","Gross inland consumption","989,181",""
"2011","Romania","Thousand tonnes of oil equivalent (TOE)","All products","Gross inland consumption","36,558.4",""
"2011","Romania","Terajoule","All products","Gross inland consumption","1,530,629",""
"2011","Slovenia","Thousand tonnes of oil equivalent (TOE)","All products","Gross inland consumption","7,334.5",""
"2011","Slovenia","Terajoule","All products","Gross inland consumption","307,079",""
"2011","Slovakia","Thousand tonnes of oil equivalent (TOE)","All products","Gross inland consumption","17,392.1",""
"2011","Slovakia","Terajoule","All products","Gross inland consumption","728,173",""
"2011","Finland","Thousand tonnes of oil equivalent (TOE)","All products","Gross inland consumption","35,819.4",""
"2011","Finland","Terajoule","All products","Gross inland consumption","1,499,688",""
"2011","Sweden","Thousand tonnes of oil equivalent (TOE)","All products","Gross inland consumption","49,480.3",""
"2011","Sweden","Terajoule","All products","Gross inland consumption","2,071,640",""
"2011","United Kingdom","Thousand tonnes of oil equivalent (TOE)","All products","Gross inland consumption","198,625.3",""
"2011","United Kingdom","Terajoule","All products","Gross inland consumption","8,316,043",""
"2011","Iceland","Thousand tonnes of oil equivalent (TOE)","All products","Gross inland consumption","6,269.8",""
"2011","Iceland","Terajoule","All products","Gross inland consumption","262,502",""
"2011","Norway","Thousand tonnes of oil equivalent (TOE)","All products","Gross inland consumption","28,421.2",""
"2011","Norway","Terajoule","All products","Gross inland consumption","1,189,940",""
"2011","Montenegro","Thousand tonnes of oil equivalent (TOE)","All products","Gross inland consumption","1,134.3",""
"2011","Montenegro","Terajoule","All products","Gross inland consumption","47,491",""
"2011","Former Yugoslav Republic of Macedonia, the","Thousand tonnes of oil equivalent (TOE)","All products","Gross inland consumption","3,092.1",""
"2011","Former Yugoslav Republic of Macedonia, the","Terajoule","All products","Gross inland consumption","129,462",""
"2011","Albania","Thousand tonnes of oil equivalent (TOE)","All products","Gross inland consumption","2,228.8",""
"2011","Albania","Terajoule","All products","Gross inland consumption","93,315",""
"2011","Serbia","Thousand tonnes of oil equivalent (TOE)","All products","Gross inland consumption","16,196.6",""
"2011","Serbia","Terajoule","All products","Gross inland consumption","678,119",""
"2011","Turkey","Thousand tonnes of oil equivalent (TOE)","All products","Gross inland consumption","113,831.2",""
"2011","Turkey","Terajoule","All products","Gross inland consumption","4,765,883",""
"2011","Bosnia and Herzegovina","Thousand tonnes of oil equivalent (TOE)","All products","Gross inland consumption","5,391.6","p"
"2011","Bosnia and Herzegovina","Terajoule","All products","Gross inland consumption","225,736","p"
"2011","Kosovo (under United Nations Security Council Resolution 1244/99)","Thousand tonnes of oil equivalent (TOE)","All products","Gross inland consumption","2,541.7",""
"2011","Kosovo (under United Nations Security Council Resolution 1244/99)","Terajoule","All products","Gross inland consumption","106,415",""
"2011","Moldova","Thousand tonnes of oil equivalent (TOE)","All products","Gross inland consumption","3,494.8","p"
"2011","Moldova","Terajoule","All products","Gross inland consumption","146,320","p"
"2011","Ukraine","Thousand tonnes of oil equivalent (TOE)","All products","Gross inland consumption","126,386.6",""
"2011","Ukraine","Terajoule","All products","Gross inland consumption","5,291,553",""
"2012","European Union (28 countries)","Thousand tonnes of oil equivalent (TOE)","All products","Gross inland consumption","1,685,617.1",""
"2012","European Union (28 countries)","Terajoule","All products","Gross inland consumption","70,573,418",""
"2012","Euro area (19 countries)","Thousand tonnes of oil equivalent (TOE)","All products","Gross inland consumption","1,185,712.0",""
"2012","Euro area (19 countries)","Terajoule","All products","Gross inland consumption","49,643,389",""
"2012","Belgium","Thousand tonnes of oil equivalent (TOE)","All products","Gross inland consumption","54,627.9",""
"2012","Belgium","Terajoule","All products","Gross inland consumption","2,287,160",""
"2012","Bulgaria","Thousand tonnes of oil equivalent (TOE)","All products","Gross inland consumption","18,233.1",""
"2012","Bulgaria","Terajoule","All products","Gross inland consumption","763,384",""
"2012","Czech Republic","Thousand tonnes of oil equivalent (TOE)","All products","Gross inland consumption","43,503.2",""
"2012","Czech Republic","Terajoule","All products","Gross inland consumption","1,821,390",""
"2012","Denmark","Thousand tonnes of oil equivalent (TOE)","All products","Gross inland consumption","17,937.4",""
"2012","Denmark","Terajoule","All products","Gross inland consumption","751,003",""
"2012","Germany (until 1990 former territory of the FRG)","Thousand tonnes of oil equivalent (TOE)","All products","Gross inland consumption","317,887.2",""
"2012","Germany (until 1990 former territory of the FRG)","Terajoule","All products","Gross inland consumption","13,309,302",""
"2012","Estonia","Thousand tonnes of oil equivalent (TOE)","All products","Gross inland consumption","6,116.3",""
"2012","Estonia","Terajoule","All products","Gross inland consumption","256,076",""
"2012","Ireland","Thousand tonnes of oil equivalent (TOE)","All products","Gross inland consumption","13,755.0",""
"2012","Ireland","Terajoule","All products","Gross inland consumption","575,893",""
"2012","Greece","Thousand tonnes of oil equivalent (TOE)","All products","Gross inland consumption","27,556.0",""
"2012","Greece","Terajoule","All products","Gross inland consumption","1,153,716",""
"2012","Spain","Thousand tonnes of oil equivalent (TOE)","All products","Gross inland consumption","128,089.5",""
"2012","Spain","Terajoule","All products","Gross inland consumption","5,362,851",""
"2012","France","Thousand tonnes of oil equivalent (TOE)","All products","Gross inland consumption","258,099.3",""
"2012","France","Terajoule","All products","Gross inland consumption","10,806,101",""
"2012","Croatia","Thousand tonnes of oil equivalent (TOE)","All products","Gross inland consumption","8,864.1",""
"2012","Croatia","Terajoule","All products","Gross inland consumption","371,121",""
"2012","Italy","Thousand tonnes of oil equivalent (TOE)","All products","Gross inland consumption","165,694.1",""
"2012","Italy","Terajoule","All products","Gross inland consumption","6,937,281",""
"2012","Cyprus","Thousand tonnes of oil equivalent (TOE)","All products","Gross inland consumption","2,516.7",""
"2012","Cyprus","Terajoule","All products","Gross inland consumption","105,369",""
"2012","Latvia","Thousand tonnes of oil equivalent (TOE)","All products","Gross inland consumption","4,537.6",""
"2012","Latvia","Terajoule","All products","Gross inland consumption","189,979",""
"2012","Lithuania","Thousand tonnes of oil equivalent (TOE)","All products","Gross inland consumption","7,095.4",""
"2012","Lithuania","Terajoule","All products","Gross inland consumption","297,069",""
"2012","Luxembourg","Thousand tonnes of oil equivalent (TOE)","All products","Gross inland consumption","4,462.1",""
"2012","Luxembourg","Terajoule","All products","Gross inland consumption","186,820",""
"2012","Hungary","Thousand tonnes of oil equivalent (TOE)","All products","Gross inland consumption","24,742.4",""
"2012","Hungary","Terajoule","All products","Gross inland consumption","1,035,914",""
"2012","Malta","Thousand tonnes of oil equivalent (TOE)","All products","Gross inland consumption","981.0",""
"2012","Malta","Terajoule","All products","Gross inland consumption","41,072",""
"2012","Netherlands","Thousand tonnes of oil equivalent (TOE)","All products","Gross inland consumption","80,459.2",""
"2012","Netherlands","Terajoule","All products","Gross inland consumption","3,368,667",""
"2012","Austria","Thousand tonnes of oil equivalent (TOE)","All products","Gross inland consumption","33,167.5",""
"2012","Austria","Terajoule","All products","Gross inland consumption","1,388,657",""
"2012","Poland","Thousand tonnes of oil equivalent (TOE)","All products","Gross inland consumption","97,580.8",""
"2012","Poland","Terajoule","All products","Gross inland consumption","4,085,513",""
"2012","Portugal","Thousand tonnes of oil equivalent (TOE)","All products","Gross inland consumption","22,249.1",""
"2012","Portugal","Terajoule","All products","Gross inland consumption","931,525",""
"2012","Romania","Thousand tonnes of oil equivalent (TOE)","All products","Gross inland consumption","35,373.2",""
"2012","Romania","Terajoule","All products","Gross inland consumption","1,481,007",""
"2012","Slovenia","Thousand tonnes of oil equivalent (TOE)","All products","Gross inland consumption","7,042.5",""
"2012","Slovenia","Terajoule","All products","Gross inland consumption","294,855",""
"2012","Slovakia","Thousand tonnes of oil equivalent (TOE)","All products","Gross inland consumption","16,692.4",""
"2012","Slovakia","Terajoule","All products","Gross inland consumption","698,878",""
"2012","Finland","Thousand tonnes of oil equivalent (TOE)","All products","Gross inland consumption","34,683.3",""
"2012","Finland","Terajoule","All products","Gross inland consumption","1,452,119",""
"2012","Sweden","Thousand tonnes of oil equivalent (TOE)","All products","Gross inland consumption","49,794.8",""
"2012","Sweden","Terajoule","All products","Gross inland consumption","2,084,810",""
"2012","United Kingdom","Thousand tonnes of oil equivalent (TOE)","All products","Gross inland consumption","203,876.1",""
"2012","United Kingdom","Terajoule","All products","Gross inland consumption","8,535,886",""
"2012","Iceland","Thousand tonnes of oil equivalent (TOE)","All products","Gross inland consumption","5,803.5",""
"2012","Iceland","Terajoule","All products","Gross inland consumption","242,982",""
"2012","Norway","Thousand tonnes of oil equivalent (TOE)","All products","Gross inland consumption","30,064.5",""
"2012","Norway","Terajoule","All products","Gross inland consumption","1,258,739",""
"2012","Montenegro","Thousand tonnes of oil equivalent (TOE)","All products","Gross inland consumption","1,070.5",""
"2012","Montenegro","Terajoule","All products","Gross inland consumption","44,818",""
"2012","Former Yugoslav Republic of Macedonia, the","Thousand tonnes of oil equivalent (TOE)","All products","Gross inland consumption","2,979.7",""
"2012","Former Yugoslav Republic of Macedonia, the","Terajoule","All products","Gross inland consumption","124,755",""
"2012","Albania","Thousand tonnes of oil equivalent (TOE)","All products","Gross inland consumption","2,101.3",""
"2012","Albania","Terajoule","All products","Gross inland consumption","87,976",""
"2012","Serbia","Thousand tonnes of oil equivalent (TOE)","All products","Gross inland consumption","14,547.5",""
"2012","Serbia","Terajoule","All products","Gross inland consumption","609,073",""
"2012","Turkey","Thousand tonnes of oil equivalent (TOE)","All products","Gross inland consumption","119,697.3",""
"2012","Turkey","Terajoule","All products","Gross inland consumption","5,011,484",""
"2012","Bosnia and Herzegovina","Thousand tonnes of oil equivalent (TOE)","All products","Gross inland consumption","5,112.0","p"
"2012","Bosnia and Herzegovina","Terajoule","All products","Gross inland consumption","214,031","p"
"2012","Kosovo (under United Nations Security Council Resolution 1244/99)","Thousand tonnes of oil equivalent (TOE)","All products","Gross inland consumption","2,384.1",""
"2012","Kosovo (under United Nations Security Council Resolution 1244/99)","Terajoule","All products","Gross inland consumption","99,819",""
"2012","Moldova","Thousand tonnes of oil equivalent (TOE)","All products","Gross inland consumption","3,444.6","p"
"2012","Moldova","Terajoule","All products","Gross inland consumption","144,217","p"
"2012","Ukraine","Thousand tonnes of oil equivalent (TOE)","All products","Gross inland consumption","122,415.3",""
"2012","Ukraine","Terajoule","All products","Gross inland consumption","5,125,284",""
"2013","European Union (28 countries)","Thousand tonnes of oil equivalent (TOE)","All products","Gross inland consumption","1,667,790.7",""
"2013","European Union (28 countries)","Terajoule","All products","Gross inland consumption","69,827,062",""
"2013","Euro area (19 countries)","Thousand tonnes of oil equivalent (TOE)","All products","Gross inland consumption","1,176,440.3",""
"2013","Euro area (19 countries)","Terajoule","All products","Gross inland consumption","49,255,203",""
"2013","Belgium","Thousand tonnes of oil equivalent (TOE)","All products","Gross inland consumption","56,573.8",""
"2013","Belgium","Terajoule","All products","Gross inland consumption","2,368,632",""
"2013","Bulgaria","Thousand tonnes of oil equivalent (TOE)","All products","Gross inland consumption","16,756.4",""
"2013","Bulgaria","Terajoule","All products","Gross inland consumption","701,559",""
"2013","Czech Republic","Thousand tonnes of oil equivalent (TOE)","All products","Gross inland consumption","43,518.8",""
"2013","Czech Republic","Terajoule","All products","Gross inland consumption","1,822,045",""
"2013","Denmark","Thousand tonnes of oil equivalent (TOE)","All products","Gross inland consumption","17,814.3",""
"2013","Denmark","Terajoule","All products","Gross inland consumption","745,849",""
"2013","Germany (until 1990 former territory of the FRG)","Thousand tonnes of oil equivalent (TOE)","All products","Gross inland consumption","324,532.8",""
"2013","Germany (until 1990 former territory of the FRG)","Terajoule","All products","Gross inland consumption","13,587,537",""
"2013","Estonia","Thousand tonnes of oil equivalent (TOE)","All products","Gross inland consumption","6,702.7",""
"2013","Estonia","Terajoule","All products","Gross inland consumption","280,629",""
"2013","Ireland","Thousand tonnes of oil equivalent (TOE)","All products","Gross inland consumption","13,705.0",""
"2013","Ireland","Terajoule","All products","Gross inland consumption","573,799",""
"2013","Greece","Thousand tonnes of oil equivalent (TOE)","All products","Gross inland consumption","24,242.3",""
"2013","Greece","Terajoule","All products","Gross inland consumption","1,014,977",""
"2013","Spain","Thousand tonnes of oil equivalent (TOE)","All products","Gross inland consumption","119,329.3",""
"2013","Spain","Terajoule","All products","Gross inland consumption","4,996,080",""
"2013","France","Thousand tonnes of oil equivalent (TOE)","All products","Gross inland consumption","258,917.3",""
"2013","France","Terajoule","All products","Gross inland consumption","10,840,352",""
"2013","Croatia","Thousand tonnes of oil equivalent (TOE)","All products","Gross inland consumption","8,586.0",""
"2013","Croatia","Terajoule","All products","Gross inland consumption","359,478",""
"2013","Italy","Thousand tonnes of oil equivalent (TOE)","All products","Gross inland consumption","159,515.0",""
"2013","Italy","Terajoule","All products","Gross inland consumption","6,678,572",""
"2013","Cyprus","Thousand tonnes of oil equivalent (TOE)","All products","Gross inland consumption","2,188.2",""
"2013","Cyprus","Terajoule","All products","Gross inland consumption","91,615",""
"2013","Latvia","Thousand tonnes of oil equivalent (TOE)","All products","Gross inland consumption","4,465.8",""
"2013","Latvia","Terajoule","All products","Gross inland consumption","186,975",""
"2013","Lithuania","Thousand tonnes of oil equivalent (TOE)","All products","Gross inland consumption","6,687.4",""
"2013","Lithuania","Terajoule","All products","Gross inland consumption","279,988",""
"2013","Luxembourg","Thousand tonnes of oil equivalent (TOE)","All products","Gross inland consumption","4,336.0",""
"2013","Luxembourg","Terajoule","All products","Gross inland consumption","181,542",""
"2013","Hungary","Thousand tonnes of oil equivalent (TOE)","All products","Gross inland consumption","23,942.2",""
"2013","Hungary","Terajoule","All products","Gross inland consumption","1,002,412",""
"2013","Malta","Thousand tonnes of oil equivalent (TOE)","All products","Gross inland consumption","875.7",""
"2013","Malta","Terajoule","All products","Gross inland consumption","36,663",""
"2013","Netherlands","Thousand tonnes of oil equivalent (TOE)","All products","Gross inland consumption","80,286.2",""
"2013","Netherlands","Terajoule","All products","Gross inland consumption","3,361,422",""
"2013","Austria","Thousand tonnes of oil equivalent (TOE)","All products","Gross inland consumption","33,694.5",""
"2013","Austria","Terajoule","All products","Gross inland consumption","1,410,722",""
"2013","Poland","Thousand tonnes of oil equivalent (TOE)","All products","Gross inland consumption","97,985.6",""
"2013","Poland","Terajoule","All products","Gross inland consumption","4,102,461",""
"2013","Portugal","Thousand tonnes of oil equivalent (TOE)","All products","Gross inland consumption","22,380.6",""
"2013","Portugal","Terajoule","All products","Gross inland consumption","937,032",""
"2013","Romania","Thousand tonnes of oil equivalent (TOE)","All products","Gross inland consumption","32,427.7",""
"2013","Romania","Terajoule","All products","Gross inland consumption","1,357,682",""
"2013","Slovenia","Thousand tonnes of oil equivalent (TOE)","All products","Gross inland consumption","6,865.0",""
"2013","Slovenia","Terajoule","All products","Gross inland consumption","287,424",""
"2013","Slovakia","Thousand tonnes of oil equivalent (TOE)","All products","Gross inland consumption","16,996.3",""
"2013","Slovakia","Terajoule","All products","Gross inland consumption","711,599",""
"2013","Finland","Thousand tonnes of oil equivalent (TOE)","All products","Gross inland consumption","34,146.4",""
"2013","Finland","Terajoule","All products","Gross inland consumption","1,429,643",""
"2013","Sweden","Thousand tonnes of oil equivalent (TOE)","All products","Gross inland consumption","49,122.3",""
"2013","Sweden","Terajoule","All products","Gross inland consumption","2,056,650",""
"2013","United Kingdom","Thousand tonnes of oil equivalent (TOE)","All products","Gross inland consumption","201,197.1",""
"2013","United Kingdom","Terajoule","All products","Gross inland consumption","8,423,722",""
"2013","Iceland","Thousand tonnes of oil equivalent (TOE)","All products","Gross inland consumption","6,078.7",""
"2013","Iceland","Terajoule","All products","Gross inland consumption","254,505",""
"2013","Norway","Thousand tonnes of oil equivalent (TOE)","All products","Gross inland consumption","33,114.6",""
"2013","Norway","Terajoule","All products","Gross inland consumption","1,386,442",""
"2013","Montenegro","Thousand tonnes of oil equivalent (TOE)","All products","Gross inland consumption","995.0",""
"2013","Montenegro","Terajoule","All products","Gross inland consumption","41,657",""
"2013","Former Yugoslav Republic of Macedonia, the","Thousand tonnes of oil equivalent (TOE)","All products","Gross inland consumption","2,782.8",""
"2013","Former Yugoslav Republic of Macedonia, the","Terajoule","All products","Gross inland consumption","116,509",""
"2013","Albania","Thousand tonnes of oil equivalent (TOE)","All products","Gross inland consumption","2,363.0",""
"2013","Albania","Terajoule","All products","Gross inland consumption","98,935",""
"2013","Serbia","Thousand tonnes of oil equivalent (TOE)","All products","Gross inland consumption","14,937.2",""
"2013","Serbia","Terajoule","All products","Gross inland consumption","625,392",""
"2013","Turkey","Thousand tonnes of oil equivalent (TOE)","All products","Gross inland consumption","117,461.7",""
"2013","Turkey","Terajoule","All products","Gross inland consumption","4,917,885",""
"2013","Bosnia and Herzegovina","Thousand tonnes of oil equivalent (TOE)","All products","Gross inland consumption","5,011.7","p"
"2013","Bosnia and Herzegovina","Terajoule","All products","Gross inland consumption","209,832","p"
"2013","Kosovo (under United Nations Security Council Resolution 1244/99)","Thousand tonnes of oil equivalent (TOE)","All products","Gross inland consumption","2,313.6",""
"2013","Kosovo (under United Nations Security Council Resolution 1244/99)","Terajoule","All products","Gross inland consumption","96,866",""
"2013","Moldova","Thousand tonnes of oil equivalent (TOE)","All products","Gross inland consumption","3,096.5","p"
"2013","Moldova","Terajoule","All products","Gross inland consumption","129,643","p"
"2013","Ukraine","Thousand tonnes of oil equivalent (TOE)","All products","Gross inland consumption","115,071.1",""
"2013","Ukraine","Terajoule","All products","Gross inland consumption","4,817,798",""
"2014","European Union (28 countries)","Thousand tonnes of oil equivalent (TOE)","All products","Gross inland consumption","1,607,754.1",""
"2014","European Union (28 countries)","Terajoule","All products","Gross inland consumption","67,313,451",""
"2014","Euro area (19 countries)","Thousand tonnes of oil equivalent (TOE)","All products","Gross inland consumption","1,134,556.1",""
"2014","Euro area (19 countries)","Terajoule","All products","Gross inland consumption","47,501,597",""
"2014","Belgium","Thousand tonnes of oil equivalent (TOE)","All products","Gross inland consumption","53,548.5",""
"2014","Belgium","Terajoule","All products","Gross inland consumption","2,241,969",""
"2014","Bulgaria","Thousand tonnes of oil equivalent (TOE)","All products","Gross inland consumption","17,744.5",""
"2014","Bulgaria","Terajoule","All products","Gross inland consumption","742,926",""
"2014","Czech Republic","Thousand tonnes of oil equivalent (TOE)","All products","Gross inland consumption","42,240.5",""
"2014","Czech Republic","Terajoule","All products","Gross inland consumption","1,768,524",""
"2014","Denmark","Thousand tonnes of oil equivalent (TOE)","All products","Gross inland consumption","16,802.7",""
"2014","Denmark","Terajoule","All products","Gross inland consumption","703,497",""
"2014","Germany (until 1990 former territory of the FRG)","Thousand tonnes of oil equivalent (TOE)","All products","Gross inland consumption","313,239.3",""
"2014","Germany (until 1990 former territory of the FRG)","Terajoule","All products","Gross inland consumption","13,114,703",""
"2014","Estonia","Thousand tonnes of oil equivalent (TOE)","All products","Gross inland consumption","6,677.2",""
"2014","Estonia","Terajoule","All products","Gross inland consumption","279,562",""
"2014","Ireland","Thousand tonnes of oil equivalent (TOE)","All products","Gross inland consumption","13,560.7",""
"2014","Ireland","Terajoule","All products","Gross inland consumption","567,758",""
"2014","Greece","Thousand tonnes of oil equivalent (TOE)","All products","Gross inland consumption","24,370.4",""
"2014","Greece","Terajoule","All products","Gross inland consumption","1,020,339",""
"2014","Spain","Thousand tonnes of oil equivalent (TOE)","All products","Gross inland consumption","116,680.6",""
"2014","Spain","Terajoule","All products","Gross inland consumption","4,885,182",""
"2014","France","Thousand tonnes of oil equivalent (TOE)","All products","Gross inland consumption","248,454.1",""
"2014","France","Terajoule","All products","Gross inland consumption","10,402,275",""
"2014","Croatia","Thousand tonnes of oil equivalent (TOE)","All products","Gross inland consumption","8,195.4",""
"2014","Croatia","Terajoule","All products","Gross inland consumption","343,127",""
"2014","Italy","Thousand tonnes of oil equivalent (TOE)","All products","Gross inland consumption","151,027.1",""
"2014","Italy","Terajoule","All products","Gross inland consumption","6,323,203",""
"2014","Cyprus","Thousand tonnes of oil equivalent (TOE)","All products","Gross inland consumption","2,229.1",""
"2014","Cyprus","Terajoule","All products","Gross inland consumption","93,330",""
"2014","Latvia","Thousand tonnes of oil equivalent (TOE)","All products","Gross inland consumption","4,451.9",""
"2014","Latvia","Terajoule","All products","Gross inland consumption","186,394",""
"2014","Lithuania","Thousand tonnes of oil equivalent (TOE)","All products","Gross inland consumption","6,694.6",""
"2014","Lithuania","Terajoule","All products","Gross inland consumption","280,291",""
"2014","Luxembourg","Thousand tonnes of oil equivalent (TOE)","All products","Gross inland consumption","4,221.7",""
"2014","Luxembourg","Terajoule","All products","Gross inland consumption","176,754",""
"2014","Hungary","Thousand tonnes of oil equivalent (TOE)","All products","Gross inland consumption","23,815.2",""
"2014","Hungary","Terajoule","All products","Gross inland consumption","997,096",""
"2014","Malta","Thousand tonnes of oil equivalent (TOE)","All products","Gross inland consumption","885.8",""
"2014","Malta","Terajoule","All products","Gross inland consumption","37,085",""
"2014","Netherlands","Thousand tonnes of oil equivalent (TOE)","All products","Gross inland consumption","76,358.8",""
"2014","Netherlands","Terajoule","All products","Gross inland consumption","3,196,991",""
"2014","Austria","Thousand tonnes of oil equivalent (TOE)","All products","Gross inland consumption","32,467.7",""
"2014","Austria","Terajoule","All products","Gross inland consumption","1,359,360",""
"2014","Poland","Thousand tonnes of oil equivalent (TOE)","All products","Gross inland consumption","94,326.2",""
"2014","Poland","Terajoule","All products","Gross inland consumption","3,949,250",""
"2014","Portugal","Thousand tonnes of oil equivalent (TOE)","All products","Gross inland consumption","22,085.4",""
"2014","Portugal","Terajoule","All products","Gross inland consumption","924,673",""
"2014","Romania","Thousand tonnes of oil equivalent (TOE)","All products","Gross inland consumption","32,157.6",""
"2014","Romania","Terajoule","All products","Gross inland consumption","1,346,375",""
"2014","Slovenia","Thousand tonnes of oil equivalent (TOE)","All products","Gross inland consumption","6,653.2",""
"2014","Slovenia","Terajoule","All products","Gross inland consumption","278,556",""
"2014","Slovakia","Thousand tonnes of oil equivalent (TOE)","All products","Gross inland consumption","16,180.6",""
"2014","Slovakia","Terajoule","All products","Gross inland consumption","677,450",""
"2014","Finland","Thousand tonnes of oil equivalent (TOE)","All products","Gross inland consumption","34,769.3",""
"2014","Finland","Terajoule","All products","Gross inland consumption","1,455,723",""
"2014","Sweden","Thousand tonnes of oil equivalent (TOE)","All products","Gross inland consumption","48,208.8",""
"2014","Sweden","Terajoule","All products","Gross inland consumption","2,018,405",""
"2014","United Kingdom","Thousand tonnes of oil equivalent (TOE)","All products","Gross inland consumption","189,707.0",""
"2014","United Kingdom","Terajoule","All products","Gross inland consumption","7,942,654",""
"2014","Iceland","Thousand tonnes of oil equivalent (TOE)","All products","Gross inland consumption","6,057.2",""
"2014","Iceland","Terajoule","All products","Gross inland consumption","253,605",""
"2014","Norway","Thousand tonnes of oil equivalent (TOE)","All products","Gross inland consumption","28,405.9",""
"2014","Norway","Terajoule","All products","Gross inland consumption","1,189,296",""
"2014","Montenegro","Thousand tonnes of oil equivalent (TOE)","All products","Gross inland consumption","974.7",""
"2014","Montenegro","Terajoule","All products","Gross inland consumption","40,810",""
"2014","Former Yugoslav Republic of Macedonia, the","Thousand tonnes of oil equivalent (TOE)","All products","Gross inland consumption","2,707.3",""
"2014","Former Yugoslav Republic of Macedonia, the","Terajoule","All products","Gross inland consumption","113,351",""
"2014","Albania","Thousand tonnes of oil equivalent (TOE)","All products","Gross inland consumption","2,344.9",""
"2014","Albania","Terajoule","All products","Gross inland consumption","98,177",""
"2014","Serbia","Thousand tonnes of oil equivalent (TOE)","All products","Gross inland consumption","13,293.9",""
"2014","Serbia","Terajoule","All products","Gross inland consumption","556,589",""
"2014","Turkey","Thousand tonnes of oil equivalent (TOE)","All products","Gross inland consumption","123,973.8",""
"2014","Turkey","Terajoule","All products","Gross inland consumption","5,190,536",""
"2014","Bosnia and Herzegovina","Thousand tonnes of oil equivalent (TOE)","All products","Gross inland consumption","7,794.4","p"
"2014","Bosnia and Herzegovina","Terajoule","All products","Gross inland consumption","326,336","p"
"2014","Kosovo (under United Nations Security Council Resolution 1244/99)","Thousand tonnes of oil equivalent (TOE)","All products","Gross inland consumption","2,217.5",""
"2014","Kosovo (under United Nations Security Council Resolution 1244/99)","Terajoule","All products","Gross inland consumption","92,841",""
"2014","Moldova","Thousand tonnes of oil equivalent (TOE)","All products","Gross inland consumption","2,046.7","p"
"2014","Moldova","Terajoule","All products","Gross inland consumption","85,692","p"
"2014","Ukraine","Thousand tonnes of oil equivalent (TOE)","All products","Gross inland consumption","104,989.9",""
"2014","Ukraine","Terajoule","All products","Gross inland consumption","4,395,719",""
"2015","European Union (28 countries)","Thousand tonnes of oil equivalent (TOE)","All products","Gross inland consumption","1,627,475.2",""
"2015","European Union (28 countries)","Terajoule","All products","Gross inland consumption","68,139,133",""
"2015","Euro area (19 countries)","Thousand tonnes of oil equivalent (TOE)","All products","Gross inland consumption","1,151,964.2",""
"2015","Euro area (19 countries)","Terajoule","All products","Gross inland consumption","48,230,438",""
"2015","Belgium","Thousand tonnes of oil equivalent (TOE)","All products","Gross inland consumption","54,217.2",""
"2015","Belgium","Terajoule","All products","Gross inland consumption","2,269,966",""
"2015","Bulgaria","Thousand tonnes of oil equivalent (TOE)","All products","Gross inland consumption","18,511.1",""
"2015","Bulgaria","Terajoule","All products","Gross inland consumption","775,021",""
"2015","Czech Republic","Thousand tonnes of oil equivalent (TOE)","All products","Gross inland consumption","42,442.1",""
"2015","Czech Republic","Terajoule","All products","Gross inland consumption","1,776,965",""
"2015","Denmark","Thousand tonnes of oil equivalent (TOE)","All products","Gross inland consumption","16,765.8",""
"2015","Denmark","Terajoule","All products","Gross inland consumption","701,951",""
"2015","Germany (until 1990 former territory of the FRG)","Thousand tonnes of oil equivalent (TOE)","All products","Gross inland consumption","314,203.0",""
"2015","Germany (until 1990 former territory of the FRG)","Terajoule","All products","Gross inland consumption","13,155,053",""
"2015","Estonia","Thousand tonnes of oil equivalent (TOE)","All products","Gross inland consumption","6,254.7",""
"2015","Estonia","Terajoule","All products","Gross inland consumption","261,872",""
"2015","Ireland","Thousand tonnes of oil equivalent (TOE)","All products","Gross inland consumption","14,177.7",""
"2015","Ireland","Terajoule","All products","Gross inland consumption","593,591",""
"2015","Greece","Thousand tonnes of oil equivalent (TOE)","All products","Gross inland consumption","24,449.4",""
"2015","Greece","Terajoule","All products","Gross inland consumption","1,023,646",""
"2015","Spain","Thousand tonnes of oil equivalent (TOE)","All products","Gross inland consumption","121,418.4",""
"2015","Spain","Terajoule","All products","Gross inland consumption","5,083,548",""
"2015","France","Thousand tonnes of oil equivalent (TOE)","All products","Gross inland consumption","252,615.1",""
"2015","France","Terajoule","All products","Gross inland consumption","10,576,489",""
"2015","Croatia","Thousand tonnes of oil equivalent (TOE)","All products","Gross inland consumption","8,525.3",""
"2015","Croatia","Terajoule","All products","Gross inland consumption","356,939",""
"2015","Italy","Thousand tonnes of oil equivalent (TOE)","All products","Gross inland consumption","156,168.6",""
"2015","Italy","Terajoule","All products","Gross inland consumption","6,538,466",""
"2015","Cyprus","Thousand tonnes of oil equivalent (TOE)","All products","Gross inland consumption","2,272.4",""
"2015","Cyprus","Terajoule","All products","Gross inland consumption","95,140",""
"2015","Latvia","Thousand tonnes of oil equivalent (TOE)","All products","Gross inland consumption","4,379.6",""
"2015","Latvia","Terajoule","All products","Gross inland consumption","183,366",""
"2015","Lithuania","Thousand tonnes of oil equivalent (TOE)","All products","Gross inland consumption","6,913.2",""
"2015","Lithuania","Terajoule","All products","Gross inland consumption","289,443",""
"2015","Luxembourg","Thousand tonnes of oil equivalent (TOE)","All products","Gross inland consumption","4,176.6",""
"2015","Luxembourg","Terajoule","All products","Gross inland consumption","174,868",""
"2015","Hungary","Thousand tonnes of oil equivalent (TOE)","All products","Gross inland consumption","25,200.3",""
"2015","Hungary","Terajoule","All products","Gross inland consumption","1,055,085",""
"2015","Malta","Thousand tonnes of oil equivalent (TOE)","All products","Gross inland consumption","755.7",""
"2015","Malta","Terajoule","All products","Gross inland consumption","31,640",""
"2015","Netherlands","Thousand tonnes of oil equivalent (TOE)","All products","Gross inland consumption","77,556.6",""
"2015","Netherlands","Terajoule","All products","Gross inland consumption","3,247,138",""
"2015","Austria","Thousand tonnes of oil equivalent (TOE)","All products","Gross inland consumption","33,249.6",""
"2015","Austria","Terajoule","All products","Gross inland consumption","1,392,095",""
"2015","Poland","Thousand tonnes of oil equivalent (TOE)","All products","Gross inland consumption","95,434.2",""
"2015","Poland","Terajoule","All products","Gross inland consumption","3,995,641",""
"2015","Portugal","Thousand tonnes of oil equivalent (TOE)","All products","Gross inland consumption","22,997.1",""
"2015","Portugal","Terajoule","All products","Gross inland consumption","962,842",""
"2015","Romania","Thousand tonnes of oil equivalent (TOE)","All products","Gross inland consumption","32,413.5",""
"2015","Romania","Terajoule","All products","Gross inland consumption","1,357,087",""
"2015","Slovenia","Thousand tonnes of oil equivalent (TOE)","All products","Gross inland consumption","6,579.0",""
"2015","Slovenia","Terajoule","All products","Gross inland consumption","275,448",""
"2015","Slovakia","Thousand tonnes of oil equivalent (TOE)","All products","Gross inland consumption","16,425.8",""
"2015","Slovakia","Terajoule","All products","Gross inland consumption","687,714",""
"2015","Finland","Thousand tonnes of oil equivalent (TOE)","All products","Gross inland consumption","33,154.5",""
"2015","Finland","Terajoule","All products","Gross inland consumption","1,388,114",""
"2015","Sweden","Thousand tonnes of oil equivalent (TOE)","All products","Gross inland consumption","45,473.5",""
"2015","Sweden","Terajoule","All products","Gross inland consumption","1,903,884",""
"2015","United Kingdom","Thousand tonnes of oil equivalent (TOE)","All products","Gross inland consumption","190,745.2",""
"2015","United Kingdom","Terajoule","All products","Gross inland consumption","7,986,121",""
"2015","Iceland","Thousand tonnes of oil equivalent (TOE)","All products","Gross inland consumption","5,809.2",""
"2015","Iceland","Terajoule","All products","Gross inland consumption","243,218",""
"2015","Norway","Thousand tonnes of oil equivalent (TOE)","All products","Gross inland consumption","30,030.8",""
"2015","Norway","Terajoule","All products","Gross inland consumption","1,257,330",""
"2015","Montenegro","Thousand tonnes of oil equivalent (TOE)","All products","Gross inland consumption","1,029.7",""
"2015","Montenegro","Terajoule","All products","Gross inland consumption","43,112",""
"2015","Former Yugoslav Republic of Macedonia, the","Thousand tonnes of oil equivalent (TOE)","All products","Gross inland consumption","2,697.6",""
"2015","Former Yugoslav Republic of Macedonia, the","Terajoule","All products","Gross inland consumption","112,943",""
"2015","Albania","Thousand tonnes of oil equivalent (TOE)","All products","Gross inland consumption","2,198.6",""
"2015","Albania","Terajoule","All products","Gross inland consumption","92,051",""
"2015","Serbia","Thousand tonnes of oil equivalent (TOE)","All products","Gross inland consumption","14,735.9",""
"2015","Serbia","Terajoule","All products","Gross inland consumption","616,962",""
"2015","Turkey","Thousand tonnes of oil equivalent (TOE)","All products","Gross inland consumption","131,727.6",""
"2015","Turkey","Terajoule","All products","Gross inland consumption","5,515,172",""
"2015","Bosnia and Herzegovina","Thousand tonnes of oil equivalent (TOE)","All products","Gross inland consumption","1,808.6","p"
"2015","Bosnia and Herzegovina","Terajoule","All products","Gross inland consumption","75,724","p"
"2015","Kosovo (under United Nations Security Council Resolution 1244/99)","Thousand tonnes of oil equivalent (TOE)","All products","Gross inland consumption","2,524.7",""
"2015","Kosovo (under United Nations Security Council Resolution 1244/99)","Terajoule","All products","Gross inland consumption","105,703",""
"2015","Moldova","Thousand tonnes of oil equivalent (TOE)","All products","Gross inland consumption","1,993.2","p"
"2015","Moldova","Terajoule","All products","Gross inland consumption","83,452","p"
"2015","Ukraine","Thousand tonnes of oil equivalent (TOE)","All products","Gross inland consumption","88,846.5",""
"2015","Ukraine","Terajoule","All products","Gross inland consumption","3,719,825",""
